08/31/2018,19.13,19.15,18.98,19.02,5172329,
08/30/2018,19.24,19.24,19.1,19.14,4232465,
08/29/2018,19.34,19.36,19.3,19.32,3746027,
08/28/2018,19.33,19.37,19.27,19.32,2590379,
08/27/2018,19.33,19.36,19.27,19.29,3558720,
08/24/2018,19.3,19.33,19.24,19.3,2545087,
08/23/2018,19.32,19.35,19.2,19.3,2260935,
08/22/2018,19.37,19.3795,19.25,19.29,2631247,
08/21/2018,19.34,19.395,19.32,19.38,2520527,
08/20/2018,19.31,19.36,19.275,19.34,3622319,
08/17/2018,19.08,19.31,19.07,19.3,5101422,
08/16/2018,19.04,19.14,19,19.06,3550229,
08/15/2018,18.9,19.04,18.86,19.04,4819801,
08/14/2018,19,19.09,18.91,18.93,4680414,
08/13/2018,18.99,19.05,18.92,19.03,3040580,
08/10/2018,18.94,19.045,18.94,18.99,8612306,
08/09/2018,18.93,19.06,18.92,18.98,3929944,
08/08/2018,18.81,18.9,18.72,18.88,5355764,
08/07/2018,19.12,19.12,18.755,18.8,6619300,
08/06/2018,19.15,19.16,19.05,19.09,3612701,
08/03/2018,19.17,19.24,19.06,19.08,10140510,
08/02/2018,18.95,19.21,18.94,19.16,10315140,
08/01/2018,18.95,19.045,18.86,18.93,47065800,
07/31/2018,19.5,19.72,19.44,19.47,6029409,
07/30/2018,19.38,19.63,19.32,19.61,6155236,
07/27/2018,19.44,19.52,19.33,19.48,4531663,
07/26/2018,19.29,19.59,19.27,19.37,5686868,
07/25/2018,19.18,19.28,19.16,19.25,2966041,
07/24/2018,19.13,19.19,19.01,19.16,4177150,
07/23/2018,19.15,19.25,19.1,19.11,4958988,
07/20/2018,19.08,19.23,19.01,19.22,5006604,
07/19/2018,19.08,19.19,19.04,19.13,3001337,
07/18/2018,19.15,19.16,18.95,19.04,6005592,
07/17/2018,19.04,19.15,19.01,19.14,4711624,
07/16/2018,19.08,19.1,18.99,19.06,3945097,
07/13/2018,19.06,19.14,19.01,19.06,2230050,
07/12/2018,19.16,19.16,19,19.03,3771451,
07/11/2018,19.04,19.18,19.02,19.13,2945788,
07/10/2018,19.06,19.12,18.9832,19.06,4924491,
07/09/2018,19.11,19.12,18.915,19.02,5267344,
07/06/2018,19.04,19.11,18.98,19.07,4017043,
07/05/2018,18.96,19.04,18.895,19.04,3448311,
07/03/2018,18.83,18.98,18.8,18.95,2730972,
07/02/2018,18.6,18.85,18.6,18.83,3433859,
06/29/2018,18.72,18.815,18.585,18.59,4800669,
06/28/2018,18.52,18.76,18.46,18.76,3869347,
06/27/2018,18.85,18.86,18.61,18.62,4727911,
06/26/2018,18.9,18.94,18.8,18.81,3807680,
06/25/2018,18.9,18.98,18.88,18.9,3821820,
06/22/2018,18.9,18.995,18.87,18.9,5552255,
06/21/2018,18.97,18.97,18.88,18.9,6677818,
06/20/2018,18.93,19.04,18.885,18.94,5535216,
06/19/2018,18.9,19.025,18.9,18.99,5386299,
06/18/2018,18.9,19,18.86,18.94,4210035,
06/15/2018,19,19.02,18.87,18.9,8690189,
06/14/2018,18.82,19.01,18.81,19,4080704,
06/13/2018,18.91,18.93,18.76,18.78,5924070,
06/12/2018,18.94,19,18.865,18.91,7030095,
06/11/2018,19,19.03,18.9249,18.96,5392845,
06/08/2018,18.9,19,18.86,18.98,4255001,
06/07/2018,18.84,18.98,18.81,18.9,3374292,
06/06/2018,18.88,18.89,18.76,18.83,6482531,
06/05/2018,18.94,18.94,18.75,18.88,3478151,
06/04/2018,19.01,19.0265,18.82,18.89,4486087,
06/01/2018,18.84,18.92,18.69,18.88,5945038,
05/31/2018,19.26,19.26,18.79,18.82,9429528,
05/30/2018,19.05,19.26,19,19.26,7462157,
05/29/2018,19.09,19.24,19,19.17,8867711,
05/25/2018,18.86,19.16,18.86,19.09,8347965,
05/24/2018,18.61,19.005,18.6,18.9,32342990,
05/23/2018,19.13,19.245,19.04,19.18,4276776,
05/22/2018,19.1,19.225,19.045,19.11,4052854,
05/21/2018,18.9,19.12,18.805,19.1,3987451,
05/18/2018,18.88,18.94,18.82,18.89,3035317,
05/17/2018,18.87,18.89,18.81,18.84,2076450,
05/16/2018,18.87,18.985,18.84,18.88,3179702,
05/15/2018,18.93,18.984,18.87,18.87,3036606,
05/14/2018,19.04,19.095,18.96,18.97,2913765,
05/11/2018,19,19.11,18.98,19,2151173,
05/10/2018,18.9,19.06,18.85,19.01,2802596,
05/09/2018,18.9,18.91,18.71,18.8,3001717,
05/08/2018,19.14,19.16,18.75,18.8,3474638,
05/07/2018,19.09,19.23,19.05,19.14,3229061,
05/04/2018,18.81,19.13,18.78,19.05,3464289,
05/03/2018,18.83,18.93,18.55,18.83,4190371,
05/02/2018,18.85,18.95,18.72,18.74,3550849,
05/01/2018,18.92,18.94,18.79,18.86,2169867,
04/30/2018,19.03,19.1,18.9,18.92,2899455,
04/27/2018,18.92,19.0299,18.84,18.99,2926062,
04/26/2018,18.85,19.12,18.85,19.09,4567290,
04/25/2018,18.82,19,18.79,18.94,4742663,
04/24/2018,18.85,18.96,18.75,18.86,3533275,
04/23/2018,18.73,18.79,18.68,18.79,2622780,
04/20/2018,18.76,18.83,18.56,18.66,4465639,
04/19/2018,18.8,18.859,18.63,18.71,2465034,
04/18/2018,18.8,18.9,18.76,18.76,1825206,
04/17/2018,18.78,18.81,18.7,18.78,2489814,
04/16/2018,18.64,18.775,18.49,18.74,2623745,
04/13/2018,18.64,18.73,18.57,18.61,2127123,
04/12/2018,18.79,18.8299,18.61,18.62,2386322,
04/11/2018,18.74,18.84,18.65,18.8,2692976,
04/10/2018,18.95,18.97,18.74,18.74,3182793,
04/09/2018,18.99,19.085,18.85,18.87,2754859,
04/06/2018,18.81,19.065,18.81,18.95,3345112,
04/05/2018,19,19,18.81,18.85,4143643,
04/04/2018,18.85,18.99,18.79,18.94,2807958,
04/03/2018,18.82,19,18.72,18.88,2411322,
04/02/2018,18.9,18.94,18.64,18.75,2501633,
03/29/2018,18.86,19.08,18.83,18.92,3085095,
03/28/2018,18.69,18.885,18.58,18.81,3463770,
03/27/2018,18.84,19.04,18.73,18.98,3617885,
03/26/2018,18.72,18.9457,18.67,18.85,2524173,
03/23/2018,18.77,18.89,18.66,18.7,2879501,
03/22/2018,18.64,18.91,18.63,18.76,3897200,
03/21/2018,18.78,18.92,18.6831,18.72,4095404,
03/20/2018,18.7,18.84,18.665,18.74,1985665,
03/19/2018,18.84,18.875,18.555,18.71,2644386,
03/16/2018,18.81,18.97,18.71,18.92,2782620,
03/15/2018,18.75,18.805,18.52,18.74,2851321,
03/14/2018,18.8,18.9952,18.78,18.8,2913794,
03/13/2018,18.71,18.87,18.71,18.79,2653308,
03/12/2018,18.48,18.78,18.48,18.65,2984761,
03/09/2018,18.58,18.6,18.35,18.5,2460539,
03/08/2018,18.45,18.6,18.38,18.56,2684750,
03/07/2018,18.33,18.55,18.33,18.44,2680342,
03/06/2018,18.3,18.405,18.205,18.39,2853804,
03/05/2018,18.2,18.435,18.17,18.31,3274629,
03/02/2018,18.01,18.195,17.86,18.17,3358420,
03/01/2018,18,18.195,17.8375,17.98,4505268,
02/28/2018,18.37,18.43,17.91,17.94,6887046,
02/27/2018,18.75,18.9,18.34,18.38,4970621,
02/26/2018,18.97,19.04,18.79,18.98,3707278,
02/23/2018,18.68,18.9,18.67,18.84,2712636,
02/22/2018,18.69,18.7,18.46,18.6,3332639,
02/21/2018,18.85,19.06,18.59,18.59,4171835,
02/20/2018,19.35,19.4,18.78,18.83,4128683,
02/16/2018,19.24,19.49,19.18,19.39,5317784,
02/15/2018,18.95,19.34,18.94,19.25,3584538,
02/14/2018,18.85,18.995,18.8,18.87,3115014,
02/13/2018,18.82,19,18.66,18.94,2559157,
02/12/2018,18.68,18.88,18.565,18.86,4053590,
02/09/2018,18.59,18.77,18.375,18.58,6357146,
02/08/2018,18.55,18.85,18.45,18.48,4987728,
02/07/2018,18.71,19.06,18.58,18.58,5646090,
02/06/2018,18.02,18.87,17.9399,18.68,9592574,
02/05/2018,18.4,18.46,18.01,18.24,8233943,
02/02/2018,18.82,18.87,18.46,18.48,6399376,
02/01/2018,18.65,19.18,18.61,18.81,6021294,
01/31/2018,19.13,19.24,18.57,18.79,8016831,
01/30/2018,18.98,19.17,18.97,19.1,6883799,
01/29/2018,19.48,19.52,19.11,19.19,9941468,
01/26/2018,19.62,19.67,19.37,19.52,4350092,
01/25/2018,19.75,19.75,19.47,19.6,3674775,
01/24/2018,19.74,19.76,19.59,19.72,2824844,
01/23/2018,19.48,19.73,19.48,19.69,3021301,
01/22/2018,19.59,19.65,19.46,19.48,2883438,
01/19/2018,19.28,19.61,19.28,19.58,4460539,
01/18/2018,19.53,19.585,19.28,19.29,3415977,
01/17/2018,19.48,19.66,19.4701,19.57,2778052,
01/16/2018,19.6,19.77,19.47,19.48,4593469,
01/12/2018,19.78,19.85,19.47,19.59,4257706,
01/11/2018,19.57,19.78,19.55,19.76,2965101,
01/10/2018,19.7,19.75,19.34,19.66,6089120,
01/09/2018,19.9,19.95,19.73,19.78,3681073,
01/08/2018,19.85,19.93,19.75,19.87,3126094,
01/05/2018,19.74,19.89,19.67,19.85,3465434,
01/04/2018,19.64,19.79,19.54,19.72,3814615,
01/03/2018,19.93,20.06,19.6,19.62,4543189,
01/02/2018,20.26,20.26,19.82,19.94,5134298,
12/29/2017,20.32,20.33,20.121,20.19,2905080,
12/28/2017,20.14,20.34,20.01,20.34,2368998,
12/27/2017,20.27,20.37,20.17,20.27,2221909,
12/26/2017,20.23,20.34,20.18,20.22,2331997,
12/22/2017,20.19,20.28,20.14,20.22,2211212,
12/21/2017,20.17,20.28,20.11,20.19,2280962,
12/20/2017,20.06,20.2,19.88,20.13,4240814,
12/19/2017,20.52,20.61,20.02,20.02,6641667,
12/18/2017,20.69,20.84,20.4501,20.51,5833306,
12/15/2017,20.48,20.72,20.45,20.63,5348245,
12/14/2017,20.35,20.44,20.27,20.42,3491736,
12/13/2017,20.28,20.54,20.21,20.31,4353234,
12/12/2017,20.25,20.36,20.235,20.28,2621285,
12/11/2017,20.36,20.38,20.235,20.31,2815917,
12/08/2017,20.45,20.45,20.19,20.37,3399389,
12/07/2017,20.24,20.4401,20.23,20.4,3126999,
12/06/2017,20.31,20.39,20.131,20.26,3790142,
12/05/2017,20.32,20.37,20.17,20.36,3609201,
12/04/2017,20.17,20.4,20.13,20.32,6856164,
12/01/2017,19.91,20.039,19.75,20.02,4959232,
11/30/2017,20.1,20.14,19.76,19.9,6753826,
11/29/2017,20.07,20.248,19.96,20.07,2885990,
11/28/2017,20.23,20.33,20.15,20.28,2718901,
11/27/2017,20.27,20.35,20.18,20.24,2843192,
11/24/2017,20.49,20.54,20.18,20.24,3339381,
11/22/2017,20.24,20.495,20.185,20.42,4007955,
11/21/2017,20.13,20.3,20.1,20.21,3465786,
11/20/2017,19.86,20.11,19.84,20.07,4835164,
11/17/2017,19.74,19.87,19.72,19.82,3883143,
11/16/2017,19.71,19.79,19.66,19.76,3688414,
11/15/2017,19.88,19.91,19.63,19.63,5520735,
11/14/2017,19.82,19.95,19.763,19.94,3659091,
11/13/2017,19.54,19.85,19.51,19.82,5596581,
11/10/2017,19.65,19.8224,19.46,19.55,5788765,
11/09/2017,19.77,19.94,19.6,19.65,5544066,
11/08/2017,19.66,19.95,19.635,19.73,5303249,
11/07/2017,19.36,19.79,19.26,19.57,8393988,
11/06/2017,19.73,19.75,19.37,19.43,8438381,
11/03/2017,19.85,19.85,19.66,19.78,4954111,
11/02/2017,20.22,20.25,19.74,19.85,8934618,
11/01/2017,20.16,20.229,20.05,20.2,6026417,
10/31/2017,20.3,20.41,20.11,20.13,5834187,
10/30/2017,20.57,20.63,20.265,20.31,7262260,
10/27/2017,20.56,20.81,20.25,20.68,6991680,
10/26/2017,21.56,21.6,20.5,20.53,10811070,
10/25/2017,21.59,21.63,21.15,21.44,6593558,
10/24/2017,21.63,21.72,21.56,21.62,3324540,
10/23/2017,21.83,21.85,21.5,21.63,4574356,
10/20/2017,21.79,21.8,21.57,21.79,4743124,
10/19/2017,21.8,21.8259,21.751,21.79,1983706,
10/18/2017,21.83,21.9,21.81,21.81,3927044,
10/17/2017,21.85,21.89,21.79,21.85,2065902,
10/16/2017,21.83,21.85,21.71,21.76,2897626,
10/13/2017,21.62,21.84,21.62,21.76,3705040,
10/12/2017,21.5,21.64,21.49,21.56,3712913,
10/11/2017,21.44,21.51,21.405,21.5,3088896,
10/10/2017,21.56,21.58,21.395,21.44,2838012,
10/09/2017,21.49,21.59,21.47,21.5,2066452,
10/06/2017,21.66,21.66,21.32,21.46,8682965,
10/05/2017,21.78,21.88,21.73,21.8,2671788,
10/04/2017,21.67,21.8,21.59,21.77,2819969,
10/03/2017,21.7,21.82,21.67,21.74,1983622,
10/02/2017,21.72,21.82,21.61,21.7,4023511,
09/29/2017,21.6,21.74,21.54,21.68,4294166,
09/28/2017,21.58,21.65,21.31,21.64,4570502,
09/27/2017,21.87,21.94,21.545,21.76,6186638,
09/26/2017,21.75,21.92,21.65,21.84,6191367,
09/25/2017,21.61,21.76,21.495,21.71,5487236,
09/22/2017,21.48,21.68,21.43,21.6,8498748,
09/21/2017,21.39,21.53,21.29,21.4,3194613,
09/20/2017,21.49,21.6,21.28,21.36,5671382,
09/19/2017,21.38,21.55,21.38,21.44,5012168,
09/18/2017,21.18,21.38,21.155,21.35,4523638,
09/15/2017,21,21.18,20.95,21.11,7429393,
09/14/2017,21,21.035,20.82,21,6415480,
09/13/2017,20.89,21.065,20.89,20.95,33174490,
09/12/2017,21.5,21.53,21.41,21.5,2900245,
09/11/2017,21.33,21.52,21.27,21.51,3524292,
09/08/2017,21.35,21.395,21.21,21.36,2251275,
09/07/2017,21.27,21.35,21.17,21.35,3423094,
09/06/2017,21.38,21.41,21.24,21.25,3160413,
09/05/2017,21.46,21.57,21.24,21.27,4167011,
09/01/2017,21.54,21.57,21.43,21.45,1718476,
08/31/2017,21.27,21.54,21.26,21.54,3755316,
08/30/2017,21.21,21.32,21.2,21.22,1745459,
08/29/2017,21.47,21.55,21.2,21.2,4054481,
08/28/2017,21.64,21.69,21.57,21.67,3603743,
08/25/2017,21.75,21.75,21.57,21.64,3958178,
08/24/2017,21.6,21.7,21.51,21.66,2284522,
08/23/2017,21.53,21.64,21.51,21.53,3034321,
08/22/2017,21.43,21.62,21.41,21.55,3404468,
08/21/2017,21.48,21.48,21.33,21.41,1994212,
08/18/2017,21.39,21.51,21.31,21.43,3707238,
08/17/2017,21.5,21.51,21.36,21.39,2606341,
08/16/2017,21.48,21.64,21.45,21.5,4103592,
08/15/2017,21.42,21.51,21.305,21.48,2431571,
08/14/2017,21.39,21.57,21.29,21.41,3921350,
08/11/2017,21.2,21.3547,21.07,21.34,4187339,
08/10/2017,21.3,21.4,21.18,21.25,4854521,
08/09/2017,21.08,21.395,21.05,21.31,5667409,
08/08/2017,21.09,21.15,21,21.1,3199475,
08/07/2017,21.03,21.1,20.92,21.07,2669071,
08/04/2017,21.16,21.16,20.91,20.99,2344850,
08/03/2017,21.11,21.22,20.99,21.15,3397171,
08/02/2017,21.24,21.24,21.11,21.15,3113040,
08/01/2017,21.18,21.23,21.09,21.2,3260601,
07/31/2017,21.16,21.21,21.08,21.18,4936269,
07/28/2017,21.18,21.18,20.915,21.09,3991048,
07/27/2017,21.24,21.25,20.76,21.19,5009730,
07/26/2017,21.1,21.25,21.08,21.17,6352417,
07/25/2017,21.16,21.25,20.98,21.055,4680900,
07/24/2017,21.17,21.3,21.13,21.16,4560784,
07/21/2017,21.03,21.21,20.91,21.16,4581273,
07/20/2017,21.07,21.18,20.95,21,5127029,
07/19/2017,21.2,21.22,21.04,21.07,4795596,
07/18/2017,21.39,21.39,21.04,21.22,5160926,
07/17/2017,21.61,21.69,21.45,21.47,2932895,
07/14/2017,21.41,21.67,21.4,21.61,3971789,
07/13/2017,21.7,21.71,21.26,21.38,3799139,
07/12/2017,21.6,21.76,21.53,21.63,3879956,
07/11/2017,21.53,21.64,21.42,21.52,2551245,
07/10/2017,21.41,21.67,21.4,21.45,3270841,
07/07/2017,21.65,21.66,21.3,21.37,2599946,
07/06/2017,21.65,21.71,21.54,21.62,4068991,
07/05/2017,21.7,21.94,21.619,21.7,3821757,
07/03/2017,21.34,21.67,21.295,21.64,3414471,
06/30/2017,21.3,21.405,21.245,21.29,2539385,
06/29/2017,21.48,21.52,21.16,21.29,4098612,
06/28/2017,21.62,21.7,21.28,21.54,5099426,
06/27/2017,22.28,22.31,21.69,21.7,5889312,
06/26/2017,22.29,22.34,22.17,22.28,2541385,
06/23/2017,22.21,22.28,22.125,22.21,3035727,
06/22/2017,22.02,22.2,22.02,22.16,4459022,
06/21/2017,22.1,22.2,21.92,21.95,2399534,
06/20/2017,22.09,22.15,21.91,21.99,2226132,
06/19/2017,22.15,22.25,22.01,22.06,3222547,
06/16/2017,21.85,22.08,21.84,22.05,5216240,
06/15/2017,21.5,21.88,21.41,21.84,4067905,
06/14/2017,21.39,21.72,21.36,21.64,4943068,
06/13/2017,21.36,21.41,21.23,21.37,2470296,
06/12/2017,21.25,21.42,21.15,21.3,4141397,
06/09/2017,21.1,21.41,21.055,21.35,4974976,
06/08/2017,20.99,21.19,20.89,21.16,3545763,
06/07/2017,21,21.07,20.83,20.96,3930512,
06/06/2017,20.86,20.96,20.77,20.93,3135335,
06/05/2017,20.84,20.87,20.735,20.84,3170754,
06/02/2017,20.91,20.99,20.83,20.85,4001177,
06/01/2017,20.78,21.08,20.712,20.91,4212745,
05/31/2017,20.54,20.8,20.51,20.79,5064329,
05/30/2017,20.52,20.58,20.441,20.54,1998663,
05/26/2017,20.53,20.56,20.29,20.53,2115416,
05/25/2017,20.67,20.74,20.55,20.66,2366396,
05/24/2017,20.57,20.65,20.47,20.57,2452020,
05/23/2017,20.35,20.595,20.35,20.53,2743662,
05/22/2017,20.2,20.47,20.17,20.39,2668142,
05/19/2017,20.03,20.16,19.96,20.15,5357709,
05/18/2017,20.11,20.23,19.97,20,4863032,
05/17/2017,20.05,20.225,20.03,20.16,4618059,
05/16/2017,20.13,20.3,20.03,20.04,4591579,
05/15/2017,20,20.13,19.98,20.09,7007646,
05/12/2017,20.05,20.1,19.9,20,4591152,
05/11/2017,19.9,19.97,19.85,19.96,3554643,
05/10/2017,19.68,19.95,19.66,19.88,4549121,
05/09/2017,20.08,20.2,19.57,19.66,8059599,
05/08/2017,20.3,20.34,19.975,20.05,4890689,
05/05/2017,20.05,20.315,20.04,20.19,5589010,
05/04/2017,20.1,20.16,19.838,20,10035390,
05/03/2017,20.51,20.61,20.11,20.13,9640211,
05/02/2017,20.56,20.65,20.425,20.5,16259620,
05/01/2017,21.14,21.42,21.11,21.17,3563020,
04/28/2017,21.37,21.4,21.02,21.07,3760811,
04/27/2017,20.8,21.37,20.76,21.35,4404899,
04/26/2017,20.7,20.85,20.64,20.8,4332092,
04/25/2017,20.83,20.94,20.75,20.87,3306848,
04/24/2017,20.86,20.91,20.61,20.84,4157118,
04/21/2017,20.72,20.86,20.66,20.79,2614274,
04/20/2017,20.69,20.7,20.44,20.66,3102269,
04/19/2017,20.67,20.6899,20.44,20.63,3066539,
04/18/2017,20.6,20.68,20.51,20.63,2251118,
04/17/2017,20.33,20.62,20.3,20.62,3152118,
04/13/2017,20.15,20.35,20.07,20.27,2923879,
04/12/2017,20.1,20.18,20.06,20.09,2179586,
04/11/2017,19.98,20.15,19.88,20.1,3354443,
04/10/2017,20.1,20.11,19.98,20.05,2311071,
04/07/2017,20.19,20.21,20.02,20.05,2729322,
04/06/2017,20.17,20.17,19.99,20.09,3415808,
04/05/2017,20.25,20.27,20.12,20.19,4695104,
04/04/2017,20.07,20.26,20.01,20.21,2697591,
04/03/2017,19.91,20.065,19.85,20.05,2666669,
03/31/2017,19.91,20.02,19.86,19.89,1987020,
03/30/2017,19.81,19.95,19.81,19.95,1722662,
03/29/2017,19.77,19.94,19.7,19.9,2272891,
03/28/2017,19.9,19.98,19.8,19.93,2590034,
03/27/2017,19.72,19.85,19.68,19.85,1847175,
03/24/2017,19.85,19.89,19.69,19.73,2297614,
03/23/2017,19.85,19.95,19.79,19.87,2551413,
03/22/2017,19.8,19.9,19.751,19.84,2163270,
03/21/2017,19.79,19.835,19.65,19.79,2191544,
03/20/2017,19.7,19.87,19.68,19.71,2069280,
03/17/2017,19.57,19.745,19.57,19.67,4289954,
03/16/2017,19.54,19.6,19.41,19.56,2320645,
03/15/2017,19.21,19.53,19.18,19.51,3859941,
03/14/2017,19.22,19.26,19.08,19.12,2284485,
03/13/2017,19.32,19.49,19.18,19.24,2371175,
03/10/2017,19.17,19.42,19.16,19.34,2147143,
03/09/2017,19.17,19.39,19.035,19.11,2834551,
03/08/2017,19.51,19.54,19.09,19.11,3188782,
03/07/2017,19.46,19.58,19.43,19.49,1783912,
03/06/2017,19.56,19.56,19.425,19.52,2179774,
03/03/2017,19.42,19.56,19.37,19.56,2220692,
03/02/2017,19.39,19.475,19.36,19.4,2454131,
03/01/2017,19.51,19.65,19.33,19.39,2854339,
02/28/2017,19.5,19.64,19.47,19.63,3811962,
02/27/2017,19.5,19.63,19.5,19.53,2138119,
02/24/2017,19.45,19.63,19.42,19.54,2328780,
02/23/2017,19.54,19.69,19.52,19.64,2982029,
02/22/2017,19.53,19.58,19.45,19.5,2632633,
02/21/2017,19.55,19.56,19.4,19.53,2221539,
02/17/2017,19.47,19.56,19.35,19.49,2245314,
02/16/2017,19.28,19.6,19.28,19.46,2837924,
02/15/2017,19.3,19.33,19.16,19.32,2189599,
02/14/2017,19.42,19.47,19.17,19.29,2232295,
02/13/2017,19.18,19.41,19.16,19.4,2719733,
02/10/2017,19.09,19.22,19.09,19.17,1952973,
02/09/2017,19.19,19.23,19.08,19.1,2870532,
02/08/2017,19.1,19.16,19.0201,19.16,3482902,
02/07/2017,19.2,19.28,19.03,19.03,4293316,
02/06/2017,18.96,19.21,18.95,19.2,3830890,
02/03/2017,18.95,19,18.8,18.94,4996048,
02/02/2017,18.57,18.97,18.5,18.83,4420831,
02/01/2017,18.65,18.72,18.405,18.56,3991396,
01/31/2017,18.94,18.95,18.5,18.67,4027018,
01/30/2017,18.82,18.95,18.8,18.92,2103763,
01/27/2017,18.91,18.94,18.8018,18.93,1954663,
01/26/2017,19.09,19.14,19.02,19.05,3621914,
01/25/2017,19.24,19.24,19.05,19.11,3380564,
01/24/2017,19.15,19.225,19.04,19.2,5000024,
01/23/2017,18.96,19.19,18.925,19.1,2306354,
01/20/2017,18.97,19,18.88,18.95,3193134,
01/19/2017,19,19.03,18.96,19,3551835,
01/18/2017,18.97,19.14,18.96,18.99,4660495,
01/17/2017,18.87,19.08,18.87,18.96,2384121,
01/13/2017,18.9,18.93,18.67,18.84,1995149,
01/12/2017,18.77,18.92,18.75,18.87,2770478,
01/11/2017,18.8,18.88,18.63,18.81,2585035,
01/10/2017,18.92,18.92,18.57,18.75,3470348,
01/09/2017,18.91,19.04,18.79,18.87,3133300,
01/06/2017,18.91,19.03,18.85,18.87,2730068,
01/05/2017,18.9,18.95,18.82,18.94,3916091,
01/04/2017,18.65,18.915,18.6,18.9,5882566,
01/03/2017,18.11,18.57,18.1,18.57,4624401,
12/30/2016,18.16,18.2,18.03,18.13,2735687,
12/29/2016,17.91,18.2156,17.86,18.16,3249686,
12/28/2016,17.93,17.96,17.76,17.91,3415932,
12/27/2016,18.18,18.23,18.03,18.09,2316247,
12/23/2016,18.3,18.3,17.99,18.15,2555495,
12/22/2016,18.16,18.255,18.06,18.17,2651034,
12/21/2016,18.08,18.2,18,18.09,2686767,
12/20/2016,18.25,18.3,18.05,18.08,3078545,
12/19/2016,17.98,18.25,17.91,18.25,3567562,
12/16/2016,17.61,17.9,17.58,17.87,4711120,
12/15/2016,17.65,17.75,17.295,17.53,8321908,
12/14/2016,18.01,18.24,17.8,17.89,5409920,
12/13/2016,18.3,18.35,17.97,17.99,6770689,
12/12/2016,18.46,18.57,18.25,18.33,3784879,
12/09/2016,18.5,18.63,18.43,18.49,2954907,
12/08/2016,18.59,18.7,18.36,18.54,3421327,
12/07/2016,18.43,18.72,18.4,18.59,3475082,
12/06/2016,18.28,18.43,18.23,18.37,2363533,
12/05/2016,17.87,18.3,17.86,18.28,3954451,
12/02/2016,18.04,18.11,17.82,17.89,5078394,
12/01/2016,18.66,18.7,17.92,18.09,10662530,
11/30/2016,18.97,19,18.54,18.66,5217973,
11/29/2016,18.66,19.04,18.65,19.01,3873670,
11/28/2016,18.81,18.82,18.64,18.68,5719433,
11/25/2016,18.95,18.995,18.86,18.92,2550247,
11/23/2016,19.17,19.18,18.89,18.92,3053330,
11/22/2016,19.26,19.31,19.18,19.18,2501171,
11/21/2016,19.18,19.2608,19.15,19.19,3777664,
11/18/2016,19.21,19.275,19.02,19.14,3660690,
11/17/2016,19.2,19.29,19.14,19.16,2814870,
11/16/2016,19.36,19.5,19.11,19.16,4316927,
11/15/2016,19.1,19.355,19.05,19.28,4944191,
11/14/2016,19.5,19.5,19.06,19.08,3685159,
11/11/2016,19.32,19.44,19.205,19.34,2680564,
11/10/2016,19.66,19.6999,19.12,19.26,9711981,
11/09/2016,19.6,19.85,19.59,19.63,6050621,
11/08/2016,19.93,19.99,19.845,19.9,4388340,
11/07/2016,19.77,19.94,19.76,19.86,3681256,
11/04/2016,19.62,19.76,19.59,19.71,2387788,
11/03/2016,19.63,19.86,19.6,19.63,2840248,
11/02/2016,19.7,19.77,19.545,19.61,4646138,
11/01/2016,20.03,20.05,19.68,19.74,3357445,
10/31/2016,19.84,20.07,19.78,20.06,4040043,
10/28/2016,19.87,19.98,19.75,19.84,2389605,
10/27/2016,20.03,20.11,19.845,19.89,2757021,
10/26/2016,20.22,20.43,20.2,20.26,3886623,
10/25/2016,20.13,20.29,19.9,20.18,5607174,
10/24/2016,19.47,19.85,19.47,19.84,3445739,
10/21/2016,19.48,19.58,19.42,19.48,1301631,
10/20/2016,19.4,19.48,19.36,19.48,1387452,
10/19/2016,19.37,19.44,19.3,19.43,1383338,
10/18/2016,19.35,19.39,19.2,19.3,1217464,
10/17/2016,19.32,19.38,19.215,19.25,1484318,
10/14/2016,19.47,19.47,19.27,19.28,1807962,
10/13/2016,19.21,19.52,19.21,19.47,3381212,
10/12/2016,19.38,19.38,18.95,19.24,2294895,
10/11/2016,19,19.11,18.92,18.99,2573708,
10/10/2016,18.92,19.17,18.92,19.02,1829828,
10/07/2016,18.61,18.98,18.61,18.92,3017290,
10/06/2016,18.8,18.88,18.59,18.71,2994795,
10/05/2016,19.03,19.13,18.86,18.9,2841613,
10/04/2016,19.38,19.38,18.84,19.05,5342869,
10/03/2016,19.48,19.5,19.3,19.31,1817166,
09/30/2016,19.43,19.63,19.36,19.54,2446901,
09/29/2016,19.54,19.57,19.33,19.41,1561394,
09/28/2016,19.625,19.64,19.35,19.52,2434217,
09/27/2016,19.82,19.94,19.755,19.78,2119911,
09/26/2016,19.63,19.86,19.63,19.82,2326475,
09/23/2016,19.71,19.795,19.64,19.7,2672615,
09/22/2016,19.79,19.9,19.695,19.81,2205538,
09/21/2016,19.54,19.72,19.3,19.7,2919429,
09/20/2016,19.35,19.56,19.34,19.55,3488872,
09/19/2016,19.17,19.44,19.16,19.3,1570676,
09/16/2016,19.27,19.32,19.07,19.15,4254272,
09/15/2016,19.47,19.47,19.19,19.36,2974699,
09/14/2016,19.25,19.49,19.2,19.3,3646390,
09/13/2016,19.36,19.41,19.125,19.18,4362858,
09/12/2016,18.99,19.38,18.88,19.31,5151331,
09/09/2016,19.76,19.76,19.045,19.05,4097672,
09/08/2016,19.9,19.91,19.66,19.75,2606126,
09/07/2016,19.79,19.92,19.72,19.89,3181758,
09/06/2016,19.57,19.78,19.48,19.77,2719197,
09/02/2016,19.33,19.6,19.25,19.57,2340033,
09/01/2016,19.35,19.38,19.08,19.21,3318886,
08/31/2016,19.5,19.51,19.15,19.31,4688257,
08/30/2016,19.53,19.56,19.45,19.53,2213455,
08/29/2016,19.6,19.68,19.5,19.52,2622903,
08/26/2016,19.91,19.91,19.65,19.71,2923313,
08/25/2016,19.98,19.98,19.85,19.88,2190512,
08/24/2016,19.98,20.03,19.86,19.95,2235621,
08/23/2016,19.85,20.04,19.715,19.97,2354058,
08/22/2016,19.88,19.9,19.73,19.84,2498910,
08/19/2016,19.8,19.87,19.69,19.87,2160827,
08/18/2016,19.74,19.88,19.71,19.87,1921112,
08/17/2016,19.73,19.81,19.52,19.79,2627412,
08/16/2016,19.76,19.79,19.66,19.7,2061587,
08/15/2016,19.83,19.94,19.76,19.78,1796752,
08/12/2016,19.98,20.01,19.84,19.9,1925160,
08/11/2016,20.04,20.04,19.82,19.95,2038250,
08/10/2016,20,20.1,19.97,19.99,2613405,
08/09/2016,19.82,20.01,19.73,20.01,2599561,
08/08/2016,19.93,19.96,19.73,19.85,3500902,
08/05/2016,19.78,19.98,19.75,19.89,2072580,
08/04/2016,19.67,19.8,19.65,19.78,1984580,
08/03/2016,19.5,19.695,19.435,19.69,2693300,
08/02/2016,19.58,19.69,19.5,19.5,2442882,
08/01/2016,19.53,19.69,19.47,19.66,2983226,
07/29/2016,19.65,19.7,19.41,19.59,4335970,
07/28/2016,19.25,19.66,19.25,19.62,5937972,
07/27/2016,19.49,19.54,19.3,19.49,3021774,
07/26/2016,19.66,19.69,19.6,19.67,2169162,
07/25/2016,19.6,19.67,19.52,19.58,3467043,
07/22/2016,19.57,19.71,19.55,19.64,3106970,
07/21/2016,19.54,19.6,19.49,19.59,1993437,
07/20/2016,19.49,19.625,19.43,19.54,4383801,
07/19/2016,19.1,19.43,19.1,19.42,3986972,
07/18/2016,19.2,19.26,19.17,19.21,1822861,
07/15/2016,19.22,19.28,19.155,19.25,2697109,
07/14/2016,19.2,19.31,19.16,19.195,2195451,
07/13/2016,19.27,19.27,19.09,19.2,2116641,
07/12/2016,19.21,19.29,19.15,19.24,4413273,
07/11/2016,19.2,19.27,19.02,19.27,3979450,
07/08/2016,19.42,19.47,19.2,19.24,4650715,
07/07/2016,19.78,19.8,19.43,19.49,2949202,
07/06/2016,19.62,19.845,19.48,19.82,4102140,
07/05/2016,19.77,19.78,19.5,19.57,3653548,
07/01/2016,19.86,19.88,19.59,19.73,2662594,
06/30/2016,19.5,19.85,19.45,19.82,4797248,
06/29/2016,19.66,19.66,19.43,19.45,4831139,
06/28/2016,19.23,19.57,19.175,19.51,3948876,
06/27/2016,19.51,19.58,19.1,19.33,5837105,
06/24/2016,19,19.6,18.96,19.49,7301591,
06/23/2016,19.3,19.31,19.2,19.29,2090158,
06/22/2016,19.17,19.31,19.16,19.25,1959023,
06/21/2016,19.27,19.37,19.14,19.17,3402097,
06/20/2016,19.07,19.26,19.05,19.24,2870312,
06/17/2016,19.02,19.2,18.98,19,5689575,
06/16/2016,18.76,19,18.69,18.99,3562947,
06/15/2016,18.55,18.79,18.54,18.73,2372240,
06/14/2016,18.75,18.8199,18.57,18.58,2744037,
06/13/2016,18.81,18.87,18.66,18.77,3739798,
06/10/2016,19.05,19.05,18.82,18.89,3795177,
06/09/2016,19.1,19.11,19.015,19.07,2814457,
06/08/2016,19.1,19.1299,19.04,19.06,2535174,
06/07/2016,19.14,19.16,19.05,19.11,3123022,
06/06/2016,19.1,19.165,19.07,19.11,2951459,
06/03/2016,19.05,19.12,18.98,19.07,3981132,
06/02/2016,19,19.05,18.96,19,2077649,
06/01/2016,18.87,19,18.86,18.98,2517227,
05/31/2016,18.89,18.97,18.78,18.89,4142062,
05/27/2016,19,19.07,18.83,18.88,2058951,
05/26/2016,19,19.04,18.95,19.01,4103648,
05/25/2016,19.15,19.18,19.03,19.11,4043147,
05/24/2016,19.06,19.28,19.01,19.08,4172949,
05/23/2016,19.3,19.37,18.78,19.17,7721227,
05/20/2016,18.74,18.81,18.62,18.77,1768938,
05/19/2016,18.57,18.76,18.48,18.66,3031904,
05/18/2016,19.03,19.12,18.48,18.66,4053824,
05/17/2016,19.23,19.23,18.97,19.05,2353782,
05/16/2016,19.03,19.2,19.02,19.17,1799225,
05/13/2016,19.14,19.22,19.04,19.125,1772682,
05/12/2016,19.09,19.18,18.96,19.09,2346285,
05/11/2016,19.04,19.24,19.03,19.07,3097876,
05/10/2016,18.95,19.07,18.9186,19.05,3925529,
05/09/2016,18.94,19.05,18.82,18.91,5267291,
05/06/2016,18.55,18.93,18.55,18.84,5382557,
05/05/2016,18.47,18.59,18.39,18.58,3577887,
05/04/2016,18.14,18.45,18.11,18.43,2861851,
05/03/2016,18.26,18.31,18.06,18.15,2196923,
05/02/2016,18.37,18.45,18.2,18.33,3032506,
04/29/2016,18.18,18.38,18.16,18.37,3286314,
04/28/2016,18.2,18.31,18.11,18.22,2230323,
04/27/2016,18.04,18.26,18,18.26,3874586,
04/26/2016,18.47,18.59,18.02,18.23,7054108,
04/25/2016,18.57,18.69,18.47,18.66,2151807,
04/22/2016,18.63,18.6899,18.45,18.57,2086069,
04/21/2016,18.75,18.79,18.51,18.59,3016098,
04/20/2016,18.94,18.98,18.73,18.76,3892062,
04/19/2016,18.89,18.98,18.8299,18.93,2326118,
04/18/2016,18.72,18.85,18.705,18.84,1674761,
04/15/2016,18.77,18.82,18.7,18.77,1794013,
04/14/2016,18.8,18.85,18.68,18.72,1852639,
04/13/2016,18.73,18.81,18.64,18.8,2148955,
04/12/2016,18.8,18.85,18.68,18.72,2042635,
04/11/2016,18.68,18.82,18.57,18.79,3313018,
04/08/2016,18.68,18.74,18.61,18.69,1549120,
04/07/2016,18.62,18.655,18.545,18.6,1888239,
04/06/2016,18.59,18.68,18.49,18.65,2006519,
04/05/2016,18.6,18.64,18.45,18.57,3220875,
04/04/2016,18.73,18.75,18.494,18.64,2935602,
04/01/2016,18.56,18.74,18.42,18.74,3591879,
03/31/2016,18.42,18.63,18.42,18.63,3954954,
03/30/2016,18.45,18.54,18.36,18.48,2127146,
03/29/2016,18.37,18.47,18.12,18.46,2876606,
03/28/2016,18.49,18.59,18.42,18.57,2314634,
03/24/2016,18.45,18.54,18.25,18.43,2106117,
03/23/2016,18.68,18.68,18.45,18.48,2597613,
03/22/2016,18.59,18.725,18.524,18.72,1897097,
03/21/2016,18.6,18.74,18.528,18.61,2873605,
03/18/2016,18.64,18.77,18.47,18.63,5162915,
03/17/2016,18.36,18.8,18.27,18.67,4007469,
03/16/2016,18.19,18.3399,18.08,18.31,1906691,
03/15/2016,18.29,18.3,18.02,18.19,2708988,
03/14/2016,18.31,18.41,18.155,18.41,3108929,
03/11/2016,18.18,18.31,18.11,18.3,2566686,
03/10/2016,18.3,18.33,17.97,18.15,2756409,
03/09/2016,18.25,18.37,18.08,18.24,3175234,
03/08/2016,18.44,18.44,18,18.26,3373798,
03/07/2016,18.34,18.47,18.26,18.34,2474891,
03/04/2016,18.31,18.46,18.25,18.37,2232295,
03/03/2016,18.13,18.4,18.13,18.38,2224017,
03/02/2016,18.03,18.19,17.95,18.16,3136446,
03/01/2016,18.16,18.27,17.97,18.03,3501795,
02/29/2016,18.2,18.34,18.05,18.07,4012093,
02/26/2016,18.16,18.38,18.11,18.19,3193958,
02/25/2016,17.99,18.17,17.95,18.11,4834781,
02/24/2016,18.11,18.17,17.91,18.13,3561825,
02/23/2016,18,18.26,18,18.18,2494000,
02/22/2016,18.09,18.22,18.03,18.09,2215668,
02/19/2016,18.01,18.11,17.925,18.01,2904984,
02/18/2016,17.84,18.11,17.82,18,3647631,
02/17/2016,17.8,17.89,17.68,17.83,7247602,
02/16/2016,17.6,17.78,17.58,17.75,4479216,
02/12/2016,17.32,17.63,17.27,17.53,3926854,
02/11/2016,17.36,17.5,17.18,17.24,3943718,
02/10/2016,17.62,17.72,17.52,17.55,3322177,
02/09/2016,17.77,17.84,17.56,17.59,4928110,
02/08/2016,17.87,17.91,17.64,17.77,5376391,
02/05/2016,17.9,17.9088,17.73,17.79,7988213,
02/04/2016,17.77,17.91,17.71,17.85,7654056,
02/03/2016,17.51,17.84,17.43,17.69,10481260,
02/02/2016,16.96,17.5,16.72,17.43,5682140,
02/01/2016,17.05,17.07,16.81,16.9,4536593,
01/29/2016,16.57,17.08,16.55,17.07,5282266,
01/28/2016,16.48,16.72,16.43,16.53,2711385,
01/27/2016,16.48,16.7,16.34,16.43,3381578,
01/26/2016,16.34,16.8,16.26,16.76,5357553,
01/25/2016,16.67,16.69,16.27,16.29,4871843,
01/22/2016,16.17,16.71,16.12,16.65,4882915,
01/21/2016,16.21,16.33,16.02,16.03,5176679,
01/20/2016,16.27,16.395,15.69,16.24,8289995,
01/19/2016,16.8,16.83,16.47,16.5,5089907,
01/15/2016,16.64,16.78,16.4,16.72,5455758,
01/14/2016,17.05,17.13,16.745,16.98,4128347,
01/13/2016,17.3,17.405,17.01,17.08,3794173,
01/12/2016,17.59,17.59,17.2,17.29,3035520,
01/11/2016,17.68,17.69,17.48,17.53,3354299,
01/08/2016,17.79,17.8,17.58,17.63,3398976,
01/07/2016,17.7,17.87,17.65,17.72,4530592,
01/06/2016,17.78,18.019,17.72,17.86,3829160,
01/05/2016,17.7,17.92,17.5207,17.79,4841278,
01/04/2016,17.18,17.72,17.1777,17.71,2887613,
12/31/2015,17.35,17.45,17.31,17.34,3252796,
12/30/2015,17.4,17.56,17.36,17.4,2202453,
12/29/2015,17.57,17.67,17.39,17.44,2176474,
12/28/2015,17.72,17.78,17.61,17.77,2202859,
12/24/2015,17.82,17.88,17.73,17.78,870046,
12/23/2015,17.92,17.946,17.81,17.85,2775334,
12/22/2015,17.7,17.96,17.7,17.88,2905682,
12/21/2015,17.6,17.7,17.43,17.68,3998542,
12/18/2015,17.47,17.58,17.38,17.5,3186750,
12/17/2015,17.42,17.55,17.37,17.47,2470851,
12/16/2015,16.99,17.4,16.96,17.4,5325867,
12/15/2015,16.98,17.2,16.95,17.11,2888374,
12/14/2015,17.13,17.32,16.89,16.96,4085197,
12/11/2015,17.38,17.4846,17.14,17.23,3121974,
12/10/2015,17.41,17.55,17.35,17.44,1655809,
12/09/2015,17.51,17.555,17.365,17.44,2397437,
12/08/2015,17.48,17.64,17.45,17.5,2714928,
12/07/2015,17.61,17.65,17.49,17.59,2803098,
12/04/2015,17.61,17.765,17.57,17.65,2939921,
12/03/2015,17.74,17.84,17.58,17.7,3419758,
12/02/2015,17.96,17.99,17.68,17.7,2828944,
12/01/2015,17.95,18.1,17.92,17.97,2707235,
11/30/2015,17.99,18.02,17.85,17.95,2923918,
11/27/2015,17.87,18.05,17.84,18.01,1510184,
11/25/2015,17.9,17.95,17.73,17.84,1741054,
11/24/2015,17.93,18.08,17.9,18.07,2270434,
11/23/2015,17.95,18.02,17.92,17.95,2611287,
11/20/2015,18.12,18.2,17.92,17.96,3654457,
11/19/2015,18.14,18.265,18.05,18.07,3186317,
11/18/2015,17.88,18.09,17.86,18.09,2573551,
11/17/2015,17.87,17.99,17.82,17.89,2244255,
11/16/2015,17.78,17.94,17.78,17.91,2050663,
11/13/2015,17.75,17.99,17.71,17.82,2656066,
11/12/2015,17.81,17.92,17.69,17.7,2765764,
11/11/2015,17.91,17.99,17.88,17.9,1854359,
11/10/2015,17.74,17.93,17.72,17.9,2407033,
11/09/2015,17.72,17.84,17.67,17.73,3898697,
11/06/2015,17.71,17.88,17.61,17.78,4517833,
11/05/2015,18.04,18.05,17.78,17.84,3925602,
11/04/2015,18.03,18.19,17.91,18.04,3272994,
11/03/2015,18.11,18.2199,18.04,18.07,3600216,
11/02/2015,17.83,18.14,17.82,18.13,4004408,
10/30/2015,17.84,17.92,17.77,17.83,5027203,
10/29/2015,17.84,17.94,17.67,17.85,5852562,
10/28/2015,17.91,18.08,17.715,17.98,9216839,
10/27/2015,18.44,18.61,18.02,18.15,11219640,
10/26/2015,19.21,19.24,19.03,19.07,2721031,
10/23/2015,19.13,19.2,19.08,19.18,2728923,
10/22/2015,19.12,19.2,19.03,19.14,2910481,
10/21/2015,19.12,19.17,19.05,19.08,2254365,
10/20/2015,19.1,19.15,18.99,19.09,4178235,
10/19/2015,19.23,19.24,19.06,19.1,2534000,
10/16/2015,19.19,19.27,19.1,19.16,2729564,
10/15/2015,19.27,19.28,19.12,19.21,2516292,
10/14/2015,19.3,19.35,19.235,19.27,3496313,
10/13/2015,19.37,19.4148,19.22,19.32,2404352,
10/12/2015,19.38,19.515,19.35,19.44,1612182,
10/09/2015,19.47,19.49,19.32,19.36,2572142,
10/08/2015,19.45,19.515,19.37,19.44,3124753,
10/07/2015,19.42,19.53,19.371,19.48,4050866,
10/06/2015,19.43,19.54,19.38,19.46,2036757,
10/05/2015,19.07,19.42,19.06,19.41,2623642,
10/02/2015,18.8,19.13,18.7802,19.11,3372814,
10/01/2015,18.75,18.965,18.68,18.86,2637545,
09/30/2015,18.65,18.8,18.47,18.7,4578826,
09/29/2015,18.94,19.01,18.59,18.63,3282661,
09/28/2015,19.15,19.28,18.75,18.97,5197077,
09/25/2015,19.71,19.75,19.37,19.39,3084346,
09/24/2015,19.57,19.7,19.435,19.67,3005780,
09/23/2015,19.48,19.685,19.48,19.64,2034185,
09/22/2015,19.66,19.67,19.45,19.46,2451521,
09/21/2015,19.47,19.73,19.4,19.72,3554657,
09/18/2015,19.45,19.6,19.39,19.42,5189666,
09/17/2015,19.07,19.59,18.99,19.445,3876295,
09/16/2015,19.01,19.13,18.96,19.05,2230995,
09/15/2015,19,19.1,18.93,19.03,2458558,
09/14/2015,19.16,19.16,18.955,18.99,2336025,
09/11/2015,18.75,19.09,18.72,19.08,2573614,
09/10/2015,18.96,18.98,18.766,18.82,3015840,
09/09/2015,19.16,19.24,18.82,18.86,4484683,
09/08/2015,19.12,19.145,18.99,19.09,3264736,
09/04/2015,19.08,19.19,18.88,18.98,2692050,
09/03/2015,19.14,19.28,19.06,19.19,2171488,
09/02/2015,19.07,19.21,19.01,19.11,2887946,
09/01/2015,19.08,19.175,19,19.08,3233134,
08/31/2015,19.32,19.35,19.115,19.13,4492989,
08/28/2015,19.57,19.585,19.303,19.36,2975504,
08/27/2015,19.16,19.65,19.16,19.55,3222068,
08/26/2015,19.4,19.46,19.2,19.315,5042870,
08/25/2015,19.56,19.69,19.08,19.08,4110862,
08/24/2015,18.95,19.69,18.7,19.21,6740834,
08/21/2015,20,20.08,19.53,19.53,5443286,
08/20/2015,19.78,20.07,19.78,19.98,5201286,
08/19/2015,19.83,19.92,19.71,19.89,2624815,
08/18/2015,19.84,19.89,19.79,19.84,2876032,
08/17/2015,19.95,19.97,19.855,19.9,4251802,
08/14/2015,19.73,19.95,19.65,19.94,2104301,
08/13/2015,19.95,19.98,19.661,19.75,3462164,
08/12/2015,19.61,19.9,19.53,19.85,4631141,
08/11/2015,19.27,19.58,19.25,19.55,2730287,
08/10/2015,19.25,19.32,19.17,19.26,2507411,
08/07/2015,19.27,19.28,19.16,19.24,2116133,
08/06/2015,19.27,19.33,19.12,19.25,2017110,
08/05/2015,19.26,19.28,19.15,19.25,3230477,
08/04/2015,19.28,19.35,19.17,19.2,2289617,
08/03/2015,19.23,19.4,19.22,19.34,2699516,
07/31/2015,19.28,19.435,19.2,19.26,3334408,
07/30/2015,18.97,19.26,18.9,19.22,3440901,
07/29/2015,18.77,18.99,18.7,18.96,4161957,
07/28/2015,18.58,19.24,18.56,18.96,5969019,
07/27/2015,18.51,18.79,18.51,18.73,4345490,
07/24/2015,18.89,18.94,18.57,18.64,2981246,
07/23/2015,19.02,19.02,18.84,18.89,3370005,
07/22/2015,19.08,19.125,19.01,19.03,2125828,
07/21/2015,19.02,19.18,18.96,19.05,5000746,
07/20/2015,19.07,19.1,18.87,19.02,4041818,
07/17/2015,18.95,19.07,18.9,19.04,4977622,
07/16/2015,19.01,19.11,18.95,19,3415392,
07/15/2015,18.94,19.06,18.79,19.01,4254296,
07/14/2015,18.85,19.01,18.85,18.92,2948692,
07/13/2015,18.84,18.94,18.82,18.85,3292834,
07/10/2015,18.99,19.01,18.795,18.8,5120427,
07/09/2015,19.37,19.44,19.04,19.05,4287926,
07/08/2015,19.43,19.47,19.2,19.315,4846135,
07/07/2015,18.99,19.41,18.98,19.38,8775119,
07/06/2015,18.52,18.83,18.5,18.81,4270691,
07/02/2015,18.54,18.72,18.52,18.62,2956143,
07/01/2015,18.4,18.62,18.21,18.52,4099377,
06/30/2015,18.5,18.8401,18.3118,18.37,6525273,
06/29/2015,18.52,18.71,18.44,18.59,6124225,
06/26/2015,19.14,19.15,18.64,18.72,8267473,
06/25/2015,19.63,19.67,19.41,19.42,3483373,
06/24/2015,19.71,19.785,19.6,19.65,3077752,
06/23/2015,19.8,19.82,19.7,19.75,2789219,
06/22/2015,19.82,19.94,19.8,19.815,3682701,
06/19/2015,19.98,20,19.81,19.82,7145874,
06/18/2015,19.95,19.995,19.9,19.955,3206712,
06/17/2015,19.65,19.98,19.65,19.94,5217422,
06/16/2015,19.8,19.91,19.78,19.86,2821368,
06/15/2015,20,20.11,19.84,19.85,3235166,
06/12/2015,19.9,20.11,19.855,20.11,11530260,
06/11/2015,19.55,19.99,19.51,19.95,4246806,
06/10/2015,19.3,19.54,19.3,19.49,3779326,
06/09/2015,19.55,19.62,19.38,19.45,6108229,
06/08/2015,19.73,19.78,19.56,19.64,4024546,
06/05/2015,20.17,20.17,19.76,19.77,6509595,
06/04/2015,20.15,20.34,20.12,20.25,4557851,
06/03/2015,20.42,20.45,20.17,20.24,4042984,
06/02/2015,20.64,20.71,20.43,20.45,3230151,
06/01/2015,20.9,20.9,20.69,20.71,2495077,
05/29/2015,20.7,20.93,20.68,20.86,15766270,
05/28/2015,20.51,20.7,20.51,20.67,2772371,
05/27/2015,20.51,20.59,20.51,20.54,3419339,
05/26/2015,20.72,20.8,20.655,20.73,2640150,
05/22/2015,20.85,20.885,20.74,20.75,2008430,
05/21/2015,20.75,20.85,20.71,20.8,2710618,
05/20/2015,20.69,20.83,20.69,20.72,3280803,
05/19/2015,20.8,20.8,20.69,20.71,2921497,
05/18/2015,20.68,20.79,20.61,20.78,1823197,
05/15/2015,20.65,20.75,20.6,20.74,1759062,
05/14/2015,20.51,20.68,20.51,20.64,1889950,
05/13/2015,20.6,20.67,20.49,20.52,2643164,
05/12/2015,20.51,20.7,20.44,20.6,3239552,
05/11/2015,20.64,20.64,20.515,20.55,2954749,
05/08/2015,20.61,20.71,20.53,20.63,4903438,
05/07/2015,20.4,20.49,20.35,20.465,4333163,
05/06/2015,20.54,20.55,20.31,20.4,3423977,
05/05/2015,20.84,20.84,20.5,20.54,3255261,
05/04/2015,20.72,20.79,20.64,20.79,3464082,
05/01/2015,20.58,20.775,20.53,20.75,6101467,
04/30/2015,20.4,20.64,20.4,20.635,5174737,
04/29/2015,20.49,20.645,20.38,20.54,6400359,
04/28/2015,21.16,21.2,20.68,20.81,6943674,
04/27/2015,21.6,21.7,21.45,21.5,3725121,
04/24/2015,21.65,21.695,21.57,21.58,3360206,
04/23/2015,21.61,21.69,21.59,21.6,1899205,
04/22/2015,21.62,21.69,21.57,21.645,2126487,
04/21/2015,21.7,21.75,21.64,21.64,1917156,
04/20/2015,21.61,21.7,21.56,21.64,1902869,
04/17/2015,21.6,21.7,21.59,21.6,2028158,
04/16/2015,21.55,21.7,21.5,21.67,2060585,
04/15/2015,21.78,21.8,21.53,21.53,3053108,
04/14/2015,21.64,21.82,21.59,21.73,1952440,
04/13/2015,21.63,21.66,21.4757,21.59,2817607,
04/10/2015,21.67,21.83,21.6501,21.7,1892222,
04/09/2015,21.72,21.7501,21.6,21.625,1699174,
04/08/2015,21.58,21.75,21.45,21.73,3023996,
04/07/2015,21.66,21.68,21.45,21.58,2162191,
04/06/2015,21.48,21.69,21.44,21.66,2527475,
04/02/2015,21.43,21.52,21.37,21.42,1749076,
04/01/2015,21.4,21.48,21.31,21.46,2047310,
03/31/2015,21.35,21.515,21.32,21.33,4467420,
03/30/2015,21.59,21.61,21.37,21.41,3163572,
03/27/2015,21.56,21.67,21.42,21.58,2596423,
03/26/2015,21.81,21.9,21.72,21.755,3599085,
03/25/2015,21.82,21.93,21.77,21.81,3097321,
03/24/2015,21.91,21.91,21.73,21.76,3416642,
03/23/2015,21.75,21.96,21.71,21.87,4410422,
03/20/2015,21.78,21.93,21.72,21.79,6428337,
03/19/2015,21.8,21.94,21.7,21.74,2992004,
03/18/2015,21.45,21.95,21.43,21.8,5408133,
03/17/2015,21.41,21.55,21.38,21.52,4043051,
03/16/2015,21.19,21.43,21.17,21.42,3448731,
03/13/2015,21.1,21.15,20.98,21.14,3758051,
03/12/2015,20.85,21.08,20.83,21.02,2968770,
03/11/2015,21,21.02,20.74,20.78,4020198,
03/10/2015,20.93,21.12,20.92,20.98,3279146,
03/09/2015,21.14,21.23,20.99,21.05,3177083,
03/06/2015,21.25,21.32,20.95,21.05,4863615,
03/05/2015,21.39,21.495,21.33,21.36,2174164,
03/04/2015,21.35,21.42,21.2799,21.38,1863009,
03/03/2015,21.36,21.42,21.27,21.345,2617654,
03/02/2015,21.4,21.5,21.28,21.35,2798768,
02/27/2015,21.26,21.53,21.26,21.435,2367756,
02/26/2015,21.45,21.5,21.21,21.27,4743538,
02/25/2015,21.44,21.7,21.44,21.46,3616512,
02/24/2015,21.8,21.8235,21.61,21.78,4123863,
02/23/2015,21.94,21.99,21.79,21.85,2434499,
02/20/2015,21.87,21.99,21.86,21.94,2352579,
02/19/2015,21.82,21.98,21.75,21.87,1989585,
02/18/2015,21.94,21.97,21.71,21.86,1903884,
02/17/2015,21.81,22.05,21.81,21.92,2485312,
02/13/2015,21.76,21.97,21.69,21.95,2616700,
02/12/2015,21.54,21.75,21.45,21.74,1961014,
02/11/2015,21.43,21.55,21.42,21.48,2098437,
02/10/2015,21.71,21.75,21.48,21.505,3555610,
02/09/2015,21.54,21.75,21.5,21.68,2595658,
02/06/2015,21.7,21.7,21.41,21.545,5511232,
02/05/2015,21.4,21.7,21.3801,21.685,3381945,
02/04/2015,21.63,21.73,21.365,21.43,4213962,
02/03/2015,21.28,21.85,21.15,21.73,5445199,
02/02/2015,21.52,21.55,21.23,21.45,4472024,
01/30/2015,21.43,21.66,21.41,21.55,3982219,
01/29/2015,21.55,21.74,21.27,21.52,3126093,
01/28/2015,21.7,21.83,21.54,21.55,2096872,
01/27/2015,21.94,22.04,21.87,21.91,2127262,
01/26/2015,21.91,22.07,21.76,22.06,2647217,
01/23/2015,22.09,22.1,21.75,21.88,2219153,
01/22/2015,21.75,22.1,21.62,22.07,3642278,
01/21/2015,21.45,21.63,21.33,21.6,2591230,
01/20/2015,21.87,21.9,21.41,21.47,4216491,
01/16/2015,21.51,21.82,21.45,21.8,5376555,
01/15/2015,21.52,21.67,21.43,21.48,6385508,
01/14/2015,21.52,21.56,21.23,21.53,5106526,
01/13/2015,21.88,21.95,21.5,21.635,3525486,
01/12/2015,21.95,21.95,21.78,21.9,2754406,
01/09/2015,22,22.09,21.93,21.94,3525789,
01/08/2015,22.15,22.16,21.95,22.01,3577637,
01/07/2015,22.13,22.16,22.03,22.09,3485690,
01/06/2015,22.21,22.3,22.03,22.115,4006574,
01/05/2015,22.26,22.27,22,22.11,3108827,
01/02/2015,21.87,22.36,21.815,22.32,2956490,
12/31/2014,22.08,22.24,21.78,21.83,3084878,
12/30/2014,22.2,22.31,22.013,22.13,2274356,
12/29/2014,22.2,22.47,22.05,22.32,4395459,
12/26/2014,22.17,22.34,22.04,22.3,2331512,
12/24/2014,22.16,22.22,21.95,22.14,2206797,
12/23/2014,22.46,22.46,22.17,22.22,3361327,
12/22/2014,22.35,22.44,22.235,22.41,3333167,
12/19/2014,22.07,22.36,21.9,22.295,7291740,
12/18/2014,22,22.0692,21.864,22,3933770,
12/17/2014,21.8,22.02,21.77,21.92,3135215,
12/16/2014,21.84,22.07,21.75,21.775,3932688,
12/15/2014,22.24,22.25,21.83,21.86,3363217,
12/12/2014,22.44,22.47,22.21,22.24,3036342,
12/11/2014,22.38,22.51,22.18,22.48,4859130,
12/10/2014,22.6,22.6299,22.27,22.31,1982397,
12/09/2014,22.23,22.63,22.19,22.59,3686078,
12/08/2014,22.6,22.68,22.18,22.29,5629307,
12/05/2014,23.06,23.14,22.55,22.66,5722483,
12/04/2014,23.15,23.22,23.1,23.135,2328220,
12/03/2014,23.14,23.18,23.06,23.15,2270884,
12/02/2014,22.89,23.17,22.82,23.14,3203600,
12/01/2014,23.03,23.09,22.88,22.92,3387420,
11/28/2014,23.09,23.17,23.005,23.075,1751890,
11/26/2014,23.08,23.115,22.95,23.05,1781431,
11/25/2014,23.05,23.09,22.92,22.975,3604044,
11/24/2014,23.17,23.35,23.125,23.29,2712122,
11/21/2014,23.25,23.26,23.1,23.17,2933364,
11/20/2014,23.14,23.23,23.02,23.19,2335290,
11/19/2014,23.03,23.16,23,23.12,3045403,
11/18/2014,23.08,23.16,23,23.12,4260908,
11/17/2014,22.79,23.13,22.79,23.08,4553671,
11/14/2014,22.64,22.88,22.64,22.87,3255594,
11/13/2014,22.5,22.7,22.49,22.67,2426044,
11/12/2014,22.52,22.54,22.363,22.52,2517853,
11/11/2014,22.43,22.55,22.41,22.52,1557195,
11/10/2014,22.49,22.65,22.43,22.5,2592774,
11/07/2014,22.5,22.64,22.44,22.55,2950717,
11/06/2014,22.44,22.605,22.38,22.42,3395014,
11/05/2014,22.5,22.59,22.3,22.4,4757766,
11/04/2014,22.7,22.85,22.38,22.48,3450130,
11/03/2014,22.68,22.86,22.63,22.645,2775158,
10/31/2014,22.69,22.82,22.62,22.74,5051787,
10/30/2014,22.48,22.74,22.45,22.69,3325191,
10/29/2014,22.91,23.049,22.38,22.48,6267771,
10/28/2014,23.23,23.44,23.01,23.12,7412580,
10/27/2014,23.1,23.28,22.92,23.2,7498915,
10/24/2014,22.91,23.07,22.8568,23.02,4843783,
10/23/2014,22.97,23.02,22.86,22.9,2554994,
10/22/2014,22.85,23.08,22.8,22.96,3740447,
10/21/2014,22.66,22.9,22.6,22.84,3545942,
10/20/2014,22.28,22.66,22.23,22.66,2971657,
10/17/2014,22.25,22.53,22.25,22.45,4281611,
10/16/2014,22.48,22.56,22.09,22.28,11870090,
10/15/2014,23,23.2,22.5,22.58,13026810,
10/14/2014,22.99,23.025,22.763,22.94,8608111,
10/13/2014,22.69,23.06,22.64,22.94,5028132,
10/10/2014,22.52,22.76,22.5101,22.62,6198585,
10/09/2014,22.42,22.8,22.41,22.56,8710427,
10/08/2014,21.98,22.47,21.9225,22.435,7647616,
10/07/2014,21.71,22.01,21.7,21.98,3975420,
10/06/2014,21.45,21.825,21.45,21.71,4133694,
10/03/2014,21.45,21.52,21.31,21.46,3922292,
10/02/2014,21.62,21.66,21.3,21.45,4120428,
10/01/2014,21.25,21.66,21.25,21.61,4944654,
09/30/2014,21.48,21.52,21.25,21.25,5880334,
09/29/2014,21.39,21.5,21.32,21.45,3679984,
09/26/2014,21.55,21.55,21.08,21.45,7756201,
09/25/2014,22.15,22.16,22.06,22.1,5161836,
09/24/2014,22.22,22.27,22.04,22.09,6328070,
09/23/2014,22.27,22.3,22.15,22.17,5750991,
09/22/2014,22.53,22.57,22.23,22.25,7077934,
09/19/2014,22.25,22.58,22.22,22.46,8698573,
09/18/2014,22.52,22.55,22.06,22.13,12056210,
09/17/2014,22.68,22.79,22.54,22.54,2886720,
09/16/2014,22.74,22.75,22.26,22.61,5690939,
09/15/2014,22.65,22.83,22.65,22.73,4444999,
09/12/2014,23.25,23.28,22.68,22.71,5470099,
09/11/2014,23.21,23.35,23.17,23.3,2254409,
09/10/2014,23.35,23.45,23.1,23.18,4648388,
09/09/2014,23.62,23.7,23.36,23.38,4301108,
09/08/2014,23.63,23.71,23.55,23.68,1862627,
09/05/2014,23.52,23.72,23.5,23.7,2822775,
09/04/2014,23.6,23.61,23.42,23.48,2494570,
09/03/2014,23.59,23.71,23.54,23.595,1890614,
09/02/2014,23.68,23.68,23.52,23.58,2298473,
08/29/2014,23.52,23.66,23.46,23.65,1586102,
08/28/2014,23.5,23.565,23.45,23.51,1341310,
08/27/2014,23.53,23.6,23.43,23.52,2649892,
08/26/2014,23.39,23.54,23.33,23.5,1883064,
08/25/2014,23.38,23.46,23.29,23.38,1519779,
08/22/2014,23.45,23.53,23.3,23.355,1564223,
08/21/2014,23.35,23.5,23.29,23.46,2661793,
08/20/2014,23.31,23.38,23.215,23.36,3017183,
08/19/2014,23.39,23.4199,23.27,23.29,4376245,
08/18/2014,23.44,23.48,23.27,23.34,3010710,
08/15/2014,23.3,23.49,23.28,23.42,5120007,
08/14/2014,23.24,23.42,23.24,23.31,3500191,
08/13/2014,23.24,23.29,23.16,23.25,1530446,
08/12/2014,23.19,23.265,23.15,23.18,1873530,
08/11/2014,23.19,23.305,23.17,23.19,2266444,
08/08/2014,23.25,23.29,23.19,23.22,2237766,
08/07/2014,23.28,23.37,23.165,23.22,3126289,
08/06/2014,23.21,23.24,23.1,23.2,2477323,
08/05/2014,23.13,23.29,23.12,23.18,2617999,
08/04/2014,23.21,23.31,23.1,23.13,3091521,
08/01/2014,23.15,23.37,23.06,23.26,3749186,
07/31/2014,22.87,23.13,22.7,23.12,5746983,
07/30/2014,23.4,23.55,22.87,22.93,6429376,
07/29/2014,23.92,23.97,23.41,23.48,6676351,
07/28/2014,23.78,23.845,23.63,23.69,4199132,
07/25/2014,23.43,23.62,23.42,23.58,1976682,
07/24/2014,23.43,23.515,23.42,23.45,1695478,
07/23/2014,23.46,23.56,23.43,23.51,1924100,
07/22/2014,23.3,23.41,23.26,23.39,1652341,
07/21/2014,23.15,23.29,23.15,23.24,1631616,
07/18/2014,23.15,23.2,23.07,23.14,1846447,
07/17/2014,23.08,23.2,23.05,23.1,2076438,
07/16/2014,23.05,23.12,23.0149,23.08,2705135,
07/15/2014,22.92,23.08,22.9,23.01,2164342,
07/14/2014,22.88,23.05,22.85,22.98,2606107,
07/11/2014,23.05,23.07,22.9,22.93,1970508,
07/10/2014,22.93,23.17,22.92,23.01,2140838,
07/09/2014,22.94,23.03,22.82,22.96,2520327,
07/08/2014,22.7,23.01,22.65,23,4486697,
07/07/2014,22.75,22.76,22.57,22.68,3973790,
07/03/2014,22.78,22.84,22.68,22.745,3332263,
07/02/2014,23.04,23.06,22.67,23,5858975,
07/01/2014,23.36,23.43,23.085,23.13,3413725,
06/30/2014,23.31,23.45,23.253,23.41,2839153,
06/27/2014,23.36,23.48,23.185,23.32,3654374,
06/26/2014,23.19,23.42,23.07,23.34,4456318,
06/25/2014,23.96,23.9876,23.7,23.76,4325958,
06/24/2014,23.9,24,23.87,23.87,3259692,
06/23/2014,23.74,24.06,23.73,23.92,4850205,
06/20/2014,23.77,23.78,23.42,23.73,6716852,
06/19/2014,23.57,23.77,23.5,23.73,6311241,
06/18/2014,23.57,23.6,23.26,23.46,6170566,
06/17/2014,23.67,23.68,23.331,23.4,3778016,
06/16/2014,23.7,23.71,23.57,23.65,2075485,
06/13/2014,23.64,23.72,23.45,23.68,4117711,
06/12/2014,23.64,23.7,23.51,23.68,2184858,
06/11/2014,23.57,23.7,23.46,23.59,2495794,
06/10/2014,23.81,23.85,23.54,23.55,4743721,
06/09/2014,23.8,23.87,23.67,23.82,4466740,
06/06/2014,23.63,23.8,23.62,23.76,3184803,
06/05/2014,23.43,23.63,23.37,23.63,3098109,
06/04/2014,23.44,23.45,23.24,23.36,3784073,
06/03/2014,23.66,23.7,23.43,23.45,2854266,
06/02/2014,23.75,23.89,23.7,23.71,2422387,
05/30/2014,23.47,23.79,23.46,23.73,4263986,
05/29/2014,23.69,23.74,23.5,23.56,1913022,
05/28/2014,23.87,23.87,23.58,23.65,4041415,
05/27/2014,23.59,23.83,23.58,23.79,4404218,
05/23/2014,23.45,23.68,23.364,23.58,4330322,
05/22/2014,23.34,23.57,23.2876,23.43,3860178,
05/21/2014,23.2,23.41,23.1507,23.34,2524705,
05/20/2014,23.38,23.44,23.21,23.25,1889506,
05/19/2014,23.22,23.39,23.125,23.34,2537004,
05/16/2014,23.19,23.27,23.09,23.195,2495637,
05/15/2014,23.12,23.34,23.07,23.23,6381918,
05/14/2014,23,23.22,22.97,23.18,3392848,
05/13/2014,22.96,23.01,22.83,22.98,3621234,
05/12/2014,23.08,23.24,22.9,22.94,4260501,
05/09/2014,22.98,23.24,22.98,23.1,2956761,
05/08/2014,22.98,23.27,22.78,23.02,4689046,
05/07/2014,22.72,23.1,22.7,23.1,4676443,
05/06/2014,22.62,22.73,22.61,22.71,1811921,
05/05/2014,22.49,22.75,22.44,22.685,2960339,
05/02/2014,22.59,22.7401,22.46,22.51,6166251,
05/01/2014,22.7,22.89,22.67,22.85,3482715,
04/30/2014,22.3,22.75,22.3,22.71,4030172,
04/29/2014,22.82,22.82,22.26,22.4,7909852,
04/28/2014,22.87,22.88,22.56,22.59,6545812,
04/25/2014,22.58,22.78,22.505,22.77,4000923,
04/24/2014,22.36,22.64,22.35,22.57,3033590,
04/23/2014,22.41,22.495,22.355,22.38,3405838,
04/22/2014,22.15,22.41,22.14,22.36,4254114,
04/21/2014,21.86,22.14,21.844,22.13,2747814,
04/17/2014,22.05,22.2,21.78,21.88,6391580,
04/16/2014,22.11,22.21,22.08,22.11,3711422,
04/15/2014,22.16,22.3,22.06,22.22,4431615,
04/14/2014,22.38,22.52,22.02,22.22,3997953,
04/11/2014,22.32,22.54,22.22,22.39,3366592,
04/10/2014,22.27,22.4956,22.23,22.33,4506224,
04/09/2014,22.09,22.35,21.98,22.31,4695546,
04/08/2014,21.91,23.03,21.91,22.07,5431579,
04/07/2014,21.74,22.15,21.74,21.955,4448608,
04/04/2014,21.57,21.875,21.545,21.81,4512155,
04/03/2014,21.51,21.59,21.29,21.51,4149614,
04/02/2014,21.64,21.77,21.48,21.5,5203229,
04/01/2014,21.43,21.67,21.33,21.64,3895343,
03/31/2014,21.27,21.57,21.115,21.49,4623902,
03/28/2014,21.27,21.405,21.2,21.25,2458638,
03/27/2014,21.3,21.4,21.04,21.26,4562578,
03/26/2014,22.18,22.18,21.89,21.9,5827630,
03/25/2014,22.16,22.21,22.03,22.03,4240556,
03/24/2014,22.27,22.38,22.03,22.22,4494329,
03/21/2014,22,22.48,21.95,22.48,11243180,
03/20/2014,22.02,22.06,21.63,21.95,9641905,
03/19/2014,22.67,22.75,22.06,22.07,9932062,
03/18/2014,22.48,22.68,22.45,22.64,2374598,
03/17/2014,22.56,22.64,22.45,22.5,3926722,
03/14/2014,22.61,22.84,22.53,22.56,2848121,
03/13/2014,22.45,22.75,22.39,22.66,6955924,
03/12/2014,21.99,22.44,21.97,22.44,3587398,
03/11/2014,22.13,22.3099,21.98,22.02,2739108,
03/10/2014,22.04,22.25,22.02,22.1,3383520,
03/07/2014,22.3,22.3,21.91,22.005,6410357,
03/06/2014,22.61,22.72,22.54,22.55,3075903,
03/05/2014,22.63,22.69,22.4701,22.65,2972846,
03/04/2014,22.65,22.65,22.22,22.59,5056593,
03/03/2014,22.2,22.65,22.2,22.6,4297033,
02/28/2014,22.41,22.47,22.23,22.29,7518306,
02/27/2014,22.36,22.4,22.22,22.38,3012297,
02/26/2014,22.2,22.348,22.17,22.31,3643898,
02/25/2014,22.11,22.23,22,22.13,4423410,
02/24/2014,22.1,22.15,21.99,22.05,5147012,
02/21/2014,22.08,22.23,21.93,22.02,5731093,
02/20/2014,22.32,22.37,22.085,22.16,3398408,
02/19/2014,22.49,22.5,22.28,22.31,5715276,
02/18/2014,22.02,22.48,21.93,22.48,5469417,
02/14/2014,22.13,22.145,21.955,22.04,4110782,
02/13/2014,21.94,22.2,21.88,22.12,3182344,
02/12/2014,21.95,22.08,21.9,22,4720801,
02/11/2014,22.15,22.22,21.92,21.96,6109774,
02/10/2014,21.98,22.17,21.94,22.13,4873768,
02/07/2014,21.64,22.04,21.53,21.98,8758903,
02/06/2014,21.86,22.1,21.615,21.65,6805163,
02/05/2014,21.55,21.92,21.52,21.77,9181303,
02/04/2014,21.1,21.66,21,21.33,13524490,
02/03/2014,21.02,21.17,20.96,21.06,10769490,
01/31/2014,20.78,21.1,20.74,20.95,6026960,
01/30/2014,20.7,20.8,20.57,20.72,6210295,
01/29/2014,20.71,20.83,20.5,20.75,3077648,
01/28/2014,20.9,20.915,20.55,20.68,3685381,
01/27/2014,20.94,21.01,20.5807,20.67,4807868,
01/24/2014,20.9,21.12,20.8,20.81,6608426,
01/23/2014,20.64,20.9,20.51,20.84,4530732,
01/22/2014,20.52,20.62,20.36,20.56,3888183,
01/21/2014,20.33,20.63,20.1901,20.57,4919075,
01/17/2014,20.26,20.29,20.18,20.25,2220753,
01/16/2014,20.12,20.3,20.07,20.28,2867528,
01/15/2014,20.09,20.38,20.07,20.15,3520317,
01/14/2014,20.44,20.45,20.13,20.16,3291112,
01/13/2014,20.1,20.52,19.99,20.45,8462144,
01/10/2014,20.19,20.2,19.925,20.14,3843870,
01/09/2014,19.89,19.8975,19.64,19.78,4683574,
01/08/2014,19.89,19.92,19.75,19.87,4430038,
01/07/2014,19.88,20.05,19.64,19.95,5992434,
01/06/2014,19.64,19.88,19.62,19.76,4727630,
01/03/2014,19.5,19.71,19.38,19.59,5445651,
01/02/2014,19.34,19.5,19.29,19.4,3677627,
12/31/2013,19.06,19.46,19.06,19.29,6238311,
12/30/2013,19.11,19.28,19.03,19.13,8073937,
12/27/2013,19.23,19.43,19.13,19.21,6008347,
12/26/2013,20,20.13,19.92,19.93,7861432,
12/24/2013,20,20.16,19.9,19.93,3001414,
12/23/2013,19.99,20.2,19.96,20.02,6262689,
12/20/2013,19.55,19.87,19.51,19.87,9145816,
12/19/2013,19.68,19.76,19.33,19.47,8348798,
12/18/2013,19.75,20.23,19.33,19.76,9368975,
12/17/2013,19.45,19.76,19.4,19.751,4090608,
12/16/2013,20.01,20.05,19.39,19.48,6378908,
12/13/2013,19.96,20.17,19.96,20.02,5553836,
12/12/2013,19.74,20.01,19.64,19.9,6010259,
12/11/2013,20.17,20.17,19.7,19.81,7458585,
12/10/2013,19.9,20.33,19.83,20.21,6821487,
12/09/2013,19.18,19.85,19.12,19.8,8179768,
12/06/2013,19.43,19.56,18.84,19.28,10904670,
12/05/2013,19.28,19.66,19.26,19.46,8838126,
12/04/2013,19.55,19.79,19.21,19.75,7699710,
12/03/2013,20,20.15,19.84,19.84,5993391,
12/02/2013,20.27,20.33,19.86,19.98,6118086,
11/29/2013,20.43,20.55,20.05,20.38,3074855,
11/27/2013,20.12,20.55,20.05,20.52,9318271,
11/26/2013,20.44,20.55,19.85,19.92,20827270,
11/25/2013,20.23,20.77,20.02,20.54,7134715,
11/22/2013,20.5,20.52,20.11,20.36,5996567,
11/21/2013,20.68,20.73,20.33,20.52,5819190,
11/20/2013,21,21.12,20.61,20.72,4901636,
11/19/2013,21.14,21.15,20.81,20.91,4213892,
11/18/2013,21.4,21.54,21.12,21.12,6015619,
11/15/2013,21.62,21.69,21.37,21.42,5410113,
11/14/2013,21.48,21.87,21.41,21.67,5166667,
11/13/2013,20.95,21.43,20.84,21.425,5947973,
11/12/2013,20.39,21.07,20.3,21.07,11491060,
11/11/2013,20.93,20.98,20.44,20.685,9294472,
11/08/2013,21.36,21.41,20.85,21.05,12129340,
11/07/2013,21.79,21.91,21.6,21.64,6091684,
11/06/2013,21.7,21.925,21.661,21.8,6271736,
11/05/2013,21.69,21.86,21.58,21.73,6399417,
11/04/2013,21.96,21.99,21.73,21.815,5286417,
11/01/2013,21.84,21.96,21.8,21.955,4861606,
10/31/2013,21.51,21.77,21.315,21.711,10509890,
10/30/2013,21.87,21.95,21.53,21.535,14032250,
10/29/2013,22.28,22.47,21.71,21.87,26878810,
10/28/2013,24.29,24.3,23.77,23.87,6462459,
10/25/2013,24.05,24.3,23.98,24.05,3442532,
10/24/2013,24.05,24.18,24.03,24.115,3545445,
10/23/2013,23.68,24.19,23.65,24.01,4221887,
10/22/2013,23.52,24.04,23.51,23.771,5169865,
10/21/2013,23.46,23.51,23.21,23.38,5267678,
10/18/2013,23.41,23.6,23.35,23.5,3931266,
10/17/2013,22.63,23.53,22.6,23.47,8692826,
10/16/2013,22.38,22.55,22.26,22.46,3815694,
10/15/2013,22.12,22.44,22.12,22.37,6670405,
10/14/2013,22.35,22.43,22.05,22.19,4518216,
10/11/2013,22.61,22.66,22.41,22.48,4224462,
10/10/2013,22.73,22.95,22.27,22.495,7975417,
10/09/2013,22.52,22.659,22.38,22.49,7613901,
10/08/2013,22.92,22.9208,22.4,22.56,7897072,
10/07/2013,22.96,23.25,22.91,23,3769019,
10/04/2013,22.93,23.12,22.855,23.05,5651024,
10/03/2013,23,23.28,22.77,23.045,6248044,
10/02/2013,22.85,23.04,22.73,23.02,4077355,
10/01/2013,22.46,22.89,22.44,22.86,4678990,
09/30/2013,22.67,22.8,22.4035,22.58,6101844,
09/27/2013,22.81,23.07,22.805,22.88,4632510,
09/26/2013,23.2,23.32,22.7,22.9,8871820,
09/25/2013,24.11,24.4,24.005,24.04,8780324,
09/24/2013,23.78,24.2,23.54,24.04,12218640,
09/23/2013,23.19,23.73,23.17,23.71,5493963,
09/20/2013,23.64,23.71,23.05,23.19,12077340,
09/19/2013,24.56,24.58,23.63,23.76,8065793,
09/18/2013,23.11,24.41,23.05,24.409,14496620,
09/17/2013,23.24,23.576,22.985,23.18,4641921,
09/16/2013,24.14,24.3,23.22,23.29,8621808,
09/13/2013,23.42,23.8,23.4,23.74,6055286,
09/12/2013,23.18,23.5,23.12,23.32,5051114,
09/11/2013,22.7,23.19,22.7,23.19,4462184,
09/10/2013,23.07,23.1,22.57,22.67,5880576,
09/09/2013,22.82,23.14,22.725,23.14,5424253,
09/06/2013,22.7,22.89,22.54,22.74,5993314,
09/05/2013,22.65,22.7,22.21,22.26,5349714,
09/04/2013,22.56,22.93,22.41,22.8,4312592,
09/03/2013,22.63,22.73,22.09,22.51,5987061,
08/30/2013,22.87,23.05,22.665,22.76,4794945,
08/29/2013,22.45,22.95,22.26,22.94,5344652,
08/28/2013,22.85,23,22.47,22.57,5267123,
08/27/2013,22.58,23.25,22.5,22.95,7857825,
08/26/2013,22.9,22.97,22.61,22.65,4801753,
08/23/2013,21.7,22.84,21.7,22.82,10073790,
08/22/2013,21.47,21.78,21.25,21.58,4387910,
08/21/2013,21.49,21.82,21.34,21.46,6591955,
08/20/2013,20.5,21.66,20.5,21.49,10131540,
08/19/2013,21.82,21.9399,20.41,20.43,15366350,
08/16/2013,22.31,22.34,21.78,21.82,6606095,
08/15/2013,22.35,22.41,22.1,22.35,4883453,
08/14/2013,22.71,22.89,22.51,22.66,3104481,
08/13/2013,23.19,23.34,22.7,22.71,5960799,
08/12/2013,23.14,23.34,23.12,23.33,3404994,
08/09/2013,23.24,23.339,23.06,23.11,3996132,
08/08/2013,22.8,23.23,22.75,23.21,5553462,
08/07/2013,22.5,22.74,22.25,22.71,5015733,
08/06/2013,22.4,22.64,22.32,22.51,4483792,
08/05/2013,22.55,22.64,22.35,22.51,6365444,
08/02/2013,22.51,22.65,22.255,22.59,8230116,
08/01/2013,22.63,22.72,22.11,22.12,13024830,
07/31/2013,22.79,22.88,22.35,22.535,10564350,
07/30/2013,23,23.34,22.8,23.09,11939020,
07/29/2013,21.74,22.17,21.67,21.85,9632063,
07/26/2013,21.87,21.87,21.42,21.64,9038398,
07/25/2013,21.33,21.57,20.91,21.51,4709555,
07/24/2013,21.98,22,21.2,21.35,7264275,
07/23/2013,22.12,22.2,21.91,22.07,4530498,
07/22/2013,22.13,22.23,22.0201,22.14,3398213,
07/19/2013,21.95,22.14,21.91,22.05,5167711,
07/18/2013,22.45,22.5,21.89,21.979,6686951,
07/17/2013,22.26,22.64,22.2,22.45,5636511,
07/16/2013,22.49,22.5,22.12,22.165,5529008,
07/15/2013,21.92,22.51,21.8099,22.46,6418894,
07/12/2013,22.79,22.8,21.82,21.9,8403851,
07/11/2013,21.13,22.675,21.01,22.655,14491090,
07/10/2013,21.1,21.23,20.67,20.74,6804916,
07/09/2013,21.2,21.53,21.1,21.17,5742103,
07/08/2013,20.37,21.18,20.32,21.11,11467460,
07/05/2013,21.4,21.42,20.2,20.76,21054650,
07/03/2013,22.35,22.44,21.74,21.93,6638018,
07/02/2013,22.71,23.05,22.42,22.47,6811162,
07/01/2013,23.02,23.19,22.74,22.8,6471321,
06/28/2013,22.77,23.06,22.54,23.01,6848412,
06/27/2013,22.68,23.05,22.59,22.78,9416962,
06/26/2013,22.49,23.12,22.25,22.41,11261530,
06/25/2013,22.88,23.51,22.88,23.21,13675880,
06/24/2013,23.27,23.32,22.22,22.62,17571450,
06/21/2013,23.55,23.9414,22.8,23.45,17054060,
06/20/2013,24.13,24.18,23.2,23.399,19249910,
06/19/2013,26.08,26.1,24.36,24.44,21690400,
06/18/2013,25.27,25.45,25.02,25.34,6851507,
06/17/2013,25.65,25.79,25.15,25.33,8906691,
06/14/2013,26.12,26.2,25.51,25.52,8766920,
06/13/2013,24.4,26,24.26,25.79,14415740,
06/12/2013,24.68,25,24.281,24.49,9344446,
06/11/2013,24.25,24.83,24.01,24.668,14438370,
06/10/2013,25.69,25.73,24.605,24.82,17784290,
06/07/2013,26.43,26.43,25.42,25.56,8599478,
06/06/2013,25.33,26.23,25.12,26.2,10802310,
06/05/2013,25.89,26.18,25.22,25.34,9611808,
06/04/2013,25.36,26.02,25.2301,25.85,7497170,
06/03/2013,25.8,25.95,25.12,25.43,14309550,
05/31/2013,26.77,27.131,25.79,25.8,10778970,
05/30/2013,26.29,27.2,26.22,26.66,12010650,
05/29/2013,25.84,26.8383,25.01,26.4,26231610,
05/28/2013,27.8,27.89,25.71,26.41,29077160,
05/24/2013,28.04,28.19,27.44,27.72,8019616,
05/23/2013,28,28.15,27.04,28.05,12012210,
05/22/2013,28.5,29.49,28.19,28.29,12459560,
05/21/2013,29,29,28.45,28.55,9788909,
05/20/2013,29.52,29.58,28.9,28.98,7254659,
05/17/2013,29.65,29.82,29.445,29.65,9402408,
05/16/2013,29.31,29.8,29.05,29.52,10265090,
05/15/2013,28.84,29.24,28.14,29.24,11366010,
05/14/2013,29.05,29.46,28.73,28.91,10131450,
05/13/2013,29.9,29.98,28.55,29.0475,20173960,
05/10/2013,30.87,30.92,29.48,30.04,10697430,
05/09/2013,30.87,31.0501,30.7,30.89,3998026,
05/08/2013,30.91,31.0899,30.762,30.89,4628944,
05/07/2013,30.99,31.05,30.64,30.89,4878888,
05/06/2013,30.805,31.25,30.5,30.94,7785416,
05/03/2013,31.25,31.9,30.35,30.66,28515970,
05/02/2013,33.18,33.22,32.95,33.1,4274849,
05/01/2013,33.3,33.3,32.82,33.02,3988693,
04/30/2013,33.15,33.31,33.01,33.31,3569851,
04/29/2013,32.71,33.17,32.71,33.17,5241543,
04/26/2013,32.96,32.99,32.64,32.79,3201430,
04/25/2013,32.77,32.92,32.6,32.78,3627307,
04/24/2013,32.69,32.76,32.49,32.72,3325397,
04/23/2013,32.29,32.7,32.22,32.65,3944542,
04/22/2013,31.8,32.36,31.67,32.18,4809626,
04/19/2013,31.81,31.9,31.37,31.8,6310834,
04/18/2013,32,32.12,31.84,31.93,3427008,
04/17/2013,32.3,32.3,31.83,31.91,7039558,
04/16/2013,32.25,32.5,32.0399,32.34,3822179,
04/15/2013,32.62,32.63,31.06,31.971,5863984,
04/12/2013,32.7,32.8,32.64,32.65,2618658,
04/11/2013,32.97,32.98,32.624,32.71,4983298,
04/10/2013,33.01,33.08,32.85,32.9,4067078,
04/09/2013,32.81,33.05,32.65,33.04,4530632,
04/08/2013,32.83,32.89,32.6,32.81,3451636,
04/05/2013,32.26,32.8,32.05,32.79,5202871,
04/04/2013,32.25,32.65,32.18,32.65,4221323,
04/03/2013,32.81,32.85,32.2,32.24,5169732,
04/02/2013,32.83,32.92,32.58,32.68,4385314,
04/01/2013,32.78,32.88,32.6,32.83,4227990,
03/28/2013,32.52,32.78,32.2201,32.78,10264140,
03/27/2013,32.17,32.52,32.11,32.51,3922750,
03/26/2013,31.95,32.245,31.95,32.21,4049938,
03/25/2013,32.54,32.6,31.82,31.82,7009932,
03/22/2013,31.96,32.48,31.95,32.36,5745899,
03/21/2013,31.69,32.12,31.6801,31.942,5401104,
03/20/2013,31.7,31.83,31.55,31.645,5029864,
03/19/2013,32.03,32.1,31.59,31.64,6843581,
03/18/2013,31.81,32.11,31.51,31.98,10286660,
03/15/2013,33.25,33.28,33,33.121,18819820,
03/14/2013,33.01,33.2,32.99,33.2,10902700,
03/13/2013,33.09,33.1,32.89,32.99,7374374,
03/12/2013,32.83,33.07,32.75,33.06,7954473,
03/11/2013,32.68,32.78,32.55,32.75,6985905,
03/08/2013,32.5,32.51,32.26,32.47,6816617,
03/07/2013,32.34,32.43,32.18,32.21,7103790,
03/06/2013,32.36,32.4,31.99,32.28,4753940,
03/05/2013,31.99,32.3,31.92,32.28,6948146,
03/04/2013,31.84,31.93,31.74,31.91,10873430,
03/01/2013,31.7,31.85,31.69,31.74,11293310,
02/28/2013,31.46,31.77,31.39,31.705,47310330,
02/27/2013,32.82,32.92,32.7,32.78,3467505,
02/26/2013,32.18,32.81,32.18,32.81,4651352,
02/25/2013,32.23,32.49,32.18,32.18,3766117,
02/22/2013,32.12,32.22,31.93,32.18,4546828,
02/21/2013,32.35,32.38,31.55,31.8,6264491,
02/20/2013,32.65,32.74,32.4,32.46,3431052,
02/19/2013,32.6,32.78,32.52,32.64,4289234,
02/15/2013,32.49,32.64,32.34,32.51,2917935,
02/14/2013,32.67,32.68,32.32,32.55,3499522,
02/13/2013,32.45,32.6201,32.33,32.56,3156166,
02/12/2013,32.27,32.45,32.05,32.32,4999039,
02/11/2013,32.3,32.5,32.26,32.29,6033523,
02/08/2013,31.44,32.19,31.4126,32.13,6154185,
02/07/2013,31.39,31.4,30.85,31.2,5510348,
02/06/2013,31.5,31.64,31.43,31.45,4185547,
02/05/2013,31.6,31.669,31.47,31.48,2865744,
02/04/2013,31.6,31.75,31.5,31.59,2695256,
02/01/2013,31.7,31.78,31.55,31.62,2682714,
01/31/2013,31.68,31.8,31.4,31.62,3301446,
01/30/2013,31.79,31.84,31.5,31.72,3181903,
01/29/2013,31.5,31.87,31.48,31.73,3946160,
01/28/2013,31.87,31.87,31.39,31.54,3524030,
01/25/2013,31.66,31.78,31.25,31.33,4015446,
01/24/2013,31.95,31.95,31.59,31.63,3001833,
01/23/2013,31.936,32,31.64,31.86,3511323,
01/22/2013,31.49,31.905,31.48,31.82,4004533,
01/18/2013,31.2,31.48,31.2,31.48,2531617,
01/17/2013,31.14,31.32,31.08,31.25,2766502,
01/16/2013,31.12,31.15,30.95,31.12,2144191,
01/15/2013,31.14,31.14,30.89,31.03,3099877,
01/14/2013,31.12,31.15,30.9,31.05,2381151,
01/11/2013,30.88,31.1,30.73,31.03,2527700,
01/10/2013,30.98,30.99,30.72,30.96,2805271,
01/09/2013,30.82,30.93,30.72,30.89,3172384,
01/08/2013,30.69,31,30.68,30.76,2829229,
01/07/2013,31.11,31.15,30.67,30.72,3898801,
01/04/2013,30.61,31.09,30.59,31.05,4615717,
01/03/2013,30.32,30.76,30.25,30.51,4974357,
01/02/2013,29.61,30.28,29.4,30.22,7589686,
12/31/2012,28.85,29.04,28.56,28.9,6740650,
12/28/2012,28.96,29.12,28.82,29,4992386,
12/27/2012,29.62,29.62,28.77,29.09,6586185,
12/26/2012,30.05,30.05,29.26,29.5,6486275,
12/24/2012,29.76,30.31,29.74,29.92,4734307,
12/21/2012,31.19,31.4,31.05,31.15,10318350,
12/20/2012,31.7,31.78,31.55,31.67,6929081,
12/19/2012,31.29,31.65,31.2,31.6,7288894,
12/18/2012,31.31,31.31,30.75,31.13,6228227,
12/17/2012,30.9,31,30.55,30.94,6676983,
12/14/2012,30.5,30.52,30,30.2,4918673,
12/13/2012,30.87,30.98,30.33,30.5,5054544,
12/12/2012,31.54,31.67,30.79,30.84,5985353,
12/11/2012,31.8,31.87,31.4,31.43,5499819,
12/10/2012,31.12,31.555,31.11,31.53,4691781,
12/07/2012,31.2,31.35,30.99,31.105,4114131,
12/06/2012,31.1,31.31,30.9,31.02,3616300,
12/05/2012,31.5,31.5099,30.93,30.99,4097296,
12/04/2012,31.6,31.71,31.45,31.4686,2592582,
12/03/2012,31.61,31.86,31.49,31.61,3281342,
11/30/2012,31.5,31.58,31.35,31.55,3774553,
11/29/2012,31.53,31.54,31.15,31.46,3812060,
11/28/2012,31.13,31.64,31.13,31.36,3968864,
11/27/2012,31.5,31.57,31.12,31.34,4167870,
11/26/2012,31.72,31.75,31.15,31.45,5638137,
11/23/2012,31.64,31.7,31.4,31.66,2208442,
11/21/2012,31.23,31.44,30.97,31.42,4242737,
11/20/2012,31.02,31.25,30.76,31.21,4626315,
11/19/2012,31.63,31.75,30.83,31.125,8008396,
11/16/2012,30.22,31.22,30.15,30.99,12814660,
11/15/2012,28.41,29.99,28.08,29.84,16170970,
11/14/2012,29.275,29.81,28.45,28.685,18967130,
11/13/2012,29.94,30.1,28.91,29.58,25675570,
11/12/2012,30.86,31.15,30.42,30.43,4594190,
11/09/2012,30.75,31.01,30.17,30.82,4958016,
11/08/2012,30.73,31.29,30.73,30.95,5511188,
11/07/2012,31.1,31.32,30.1,30.73,14651080,
11/06/2012,32.19,32.28,31.57,31.7,7562403,
11/05/2012,32.27,32.45,32.01,32.33,3297516,
11/02/2012,32.9,32.9183,32.37,32.45,4375414,
11/01/2012,33.02,33.18,32.81,32.87,5180918,
10/31/2012,32.65,33.02,32.56,33,7906302,
10/26/2012,32.63,32.65,31.96,32,4773337,
10/25/2012,32.5,32.58,31.97,32.3,4255311,
10/24/2012,32.19,32.66,32.19,32.45,4908477,
10/23/2012,32.45,32.54,32.05,32.33,5229484,
10/22/2012,33.03,33.04,32.23,32.64,6368515,
10/19/2012,33.1,33.12,32.82,33.04,5526443,
10/18/2012,32.75,33.16,32.71,33,9436303,
10/17/2012,32.1,32.84,32.1,32.5184,9073712,
10/16/2012,31.76,32.19,31.5,32,8752994,
10/15/2012,32.25,32.25,29.63,32,42252760,
10/12/2012,33.26,33.31,32.33,32.59,8197593,
10/11/2012,33.1,33.47,33.09,33.2,6111904,
10/10/2012,33.57,33.58,32.3401,33.07,19515390,
10/09/2012,34.51,34.57,33.43,33.69,11707150,
10/08/2012,34.8,34.83,34.31,34.6,4885839,
10/05/2012,35.1,35.12,34.86,34.9,3608885,
10/04/2012,34.96,35.15,34.81,34.91,5631542,
10/03/2012,35.1,35.14,34.8,35.13,4031435,
10/02/2012,34.8,35.155,34.74,35,4958557,
10/01/2012,34.78,34.84,34.55,34.65,3567871,
09/28/2012,34.3,34.62,34.07,34.6,5708424,
09/27/2012,34.53,34.65,34.31,34.36,5001699,
09/26/2012,34.5,34.9,34.28,34.565,5836459,
09/25/2012,34.92,35.16,34.64,34.64,6759350,
09/24/2012,35.105,35.17,34.81,34.93,6464663,
09/21/2012,35.19,35.35,35.07,35.165,6919149,
09/20/2012,34.88,35.14,34.87,35.05,8615228,
09/19/2012,34.92,35.035,34.5401,34.84,15377500,
09/18/2012,36.5,36.67,36.145,36.395,12272790,
09/17/2012,36.7,36.77,36.36,36.68,9768130,
09/14/2012,36.41,36.72,36.3,36.49,9099665,
09/13/2012,35.97,36.27,35.84,36.16,7803124,
09/12/2012,35.9,35.94,35.66,35.94,6569880,
09/11/2012,35.47,35.68,35.32,35.66,3630109,
09/10/2012,35.02,35.5,35,35.44,5435038,
09/07/2012,34.99,35.025,34.89,35.02,3775928,
09/06/2012,34.9,34.9,34.685,34.9,3988155,
09/05/2012,34.88,34.88,34.68,34.79,3571506,
09/04/2012,34.89,34.89,34.68,34.82,3676281,
08/31/2012,34.72,34.85,34.59,34.84,3861383,
08/30/2012,34.65,34.765,34.55,34.65,3575866,
08/29/2012,34.45,34.76,34.45,34.69,4782198,
08/28/2012,34.41,34.56,34.32,34.4,3987249,
08/27/2012,34.25,34.4,34.11,34.34,3121800,
08/24/2012,33.88,34.21,33.85,34.17,3265403,
08/23/2012,33.96,34.18,33.82,33.88,2936828,
08/22/2012,34.02,34.08,33.66,33.97,4021373,
08/21/2012,34.12,34.33,33.95,34.08,3086604,
08/20/2012,33.9,34.08,33.8501,34.05,3794609,
08/17/2012,33.43,33.89,33.3,33.78,5745108,
08/16/2012,34.06,34.1,33.12,33.5,13074870,
08/15/2012,34.2,34.44,34.02,34.04,6567480,
08/14/2012,34.23,34.6,34.23,34.525,5745562,
08/13/2012,33.75,34.25,33.74,34.19,4664014,
08/10/2012,34,34.08,33.6,33.89,4469824,
08/09/2012,33.59,34.04,33.55,33.97,5615579,
08/08/2012,32.69,33.57,32.6,33.56,7847529,
08/07/2012,33.95,34,30.3,32.96,31262510,
08/06/2012,34.85,34.89,33.9,34.07,11323180,
08/03/2012,35.07,35.16,34.75,34.83,6279118,
08/02/2012,34.94,35.1,34.8,35.04,4458316,
08/01/2012,35.16,35.29,34.9,34.97,5836415,
07/31/2012,35.25,35.39,35.06,35.14,9601324,
07/30/2012,35.5,35.5,34.93,35.15,7252281,
07/27/2012,35.12,35.45,34.95,35.375,8408582,
07/26/2012,35.08,35.08,34.75,34.98,7573339,
07/25/2012,34.93,35.09,34.43,34.94,7648039,
07/24/2012,34.7,34.99,34.619,34.985,9291506,
07/23/2012,34.2,34.63,34.15,34.6,7882984,
07/20/2012,34.12,34.45,34.09,34.33,7939051,
07/19/2012,34.14,34.2,33.95,34.145,9677204,
07/18/2012,34.13,34.33,33.85,33.92,52711360,
07/17/2012,35.33,35.58,35.21,35.29,9040631,
07/16/2012,34.72,35.19,34.72,35.08,5030215,
07/13/2012,34.5,34.75,34.4,34.67,6452617,
07/12/2012,34.28,34.58,34.28,34.41,4785477,
07/11/2012,34.71,34.82,33.85,34.27,7332220,
07/10/2012,34.75,35.18,34.4,34.58,9791341,
07/09/2012,34.3,34.85,34.26,34.7,5742479,
07/06/2012,34,34.32,33.98,34.26,3664209,
07/05/2012,33.94,34.2,33.86,34.02,4548901,
07/03/2012,33.59,34.07,33.51,33.94,4219729,
07/02/2012,33.67,33.69,33.41,33.56,6847681,
06/29/2012,33.65,33.69,33.23,33.61,6395122,
06/28/2012,32.96,33.25,32.96,33.24,5714859,
06/27/2012,32.6,32.95,32.58,32.95,4996860,
06/26/2012,32.5,32.68,32.35,32.52,3554383,
06/25/2012,32.48,32.7,32.3,32.33,4820666,
06/22/2012,32.47,32.83,32.45,32.53,8399501,
06/21/2012,32.16,32.5,32.15,32.335,5994428,
06/20/2012,32.69,32.71,32.06,32.16,9732727,
06/19/2012,32.44,32.93,32.36,32.49,13223710,
06/18/2012,33.71,33.71,33.45,33.61,10558360,
06/15/2012,33.74,33.75,33.5,33.6,10274940,
06/14/2012,33.52,33.95,33.4,33.58,8827032,
06/13/2012,33.36,33.51,33.1,33.42,6091182,
06/12/2012,33.106,33.36,33.005,33.27,6069347,
06/11/2012,32.88,33.15,32.83,32.9,5193530,
06/08/2012,32.67,32.87,32.659,32.73,4622008,
06/07/2012,33.11,33.14,32.57,32.61,5561030,
06/06/2012,32.75,32.95,32.65,32.94,6393636,
06/05/2012,32.25,32.65,32.1899,32.56,4555906,
06/04/2012,32.11,32.385,32.06,32.22,4847316,
06/01/2012,32.53,32.57,32.25,32.3,7384152,
05/31/2012,32.6,32.74,32.35,32.67,18546640,
05/30/2012,32.43,32.64,32.3101,32.49,6685777,
05/29/2012,32.41,32.56,32.13,32.54,8813256,
05/25/2012,32.2,32.3,32.1,32.22,4820221,
05/24/2012,32.33,32.37,31.99,32.13,7451503,
05/23/2012,32.04,32.29,31.95,32.27,4075319,
05/22/2012,32.01,32.25,31.935,32.05,4823186,
05/21/2012,31.23,31.97,31.2,31.93,6095268,
05/18/2012,31,31.4,30.98,31.03,6246940,
05/17/2012,31.82,31.909,30.94,30.98,8502883,
05/16/2012,32.24,32.28,31.63,31.78,5186252,
05/15/2012,32.15,32.33,32.01,32.08,5412706,
05/14/2012,32.3,32.33,31.9,32.16,6342367,
05/11/2012,32.04,32.46,31.94,32.33,4294929,
05/10/2012,31.81,32.19,31.76,32.04,4924336,
05/09/2012,31.49,31.84,31.45,31.74,4178906,
05/08/2012,31.63,31.63,31.41,31.52,4468091,
05/07/2012,31.6,31.7,31.38,31.61,4005667,
05/04/2012,31.7,31.86,31.56,31.66,4032220,
05/03/2012,31.5,31.86,31.36,31.65,7133438,
05/02/2012,31.13,31.28,31,31.135,3965508,
05/01/2012,31.2,31.23,31.06,31.13,3652021,
04/30/2012,31.08,31.24,31.01,31.235,4546973,
04/27/2012,31,31.12,30.9,31.01,3583128,
04/26/2012,30.79,30.9,30.72,30.9,3736952,
04/25/2012,30.81,30.81,30.63,30.77,3484952,
04/24/2012,30.72,30.82,30.66,30.75,3655979,
04/23/2012,30.56,30.75,30.46,30.715,3148005,
04/20/2012,30.81,30.81,30.54,30.62,3197003,
04/19/2012,30.58,30.75,30.54,30.7,5307072,
04/18/2012,30.35,30.59,30.31,30.52,3911677,
04/17/2012,30.13,30.36,30,30.32,4343809,
04/16/2012,30.23,30.25,29.965,30.09,3350029,
04/13/2012,30.06,30.24,30.01,30.11,3081078,
04/12/2012,30,30.08,29.9,30.05,3015494,
04/11/2012,29.86,29.95,29.77,29.89,3669891,
04/10/2012,30.1,30.12,29.62,29.71,6124761,
04/09/2012,29.96,30.1,29.82,30.08,4501856,
04/05/2012,29.99,30.09,29.96,30.07,3578175,
04/04/2012,29.93,30.1271,29.91,30.02,4589393,
04/03/2012,29.89,30.1594,29.89,30.06,5805289,
04/02/2012,29.67,29.94,29.6,29.91,5496461,
03/30/2012,29.44,29.55,29.36,29.54,8161577,
03/29/2012,29.24,29.35,29.185,29.31,4988557,
03/28/2012,29.32,29.47,29.18,29.23,4372298,
03/27/2012,29.54,29.59,29.3,29.32,4625097,
03/26/2012,29.39,29.545,29.35,29.48,3250387,
03/23/2012,29.42,29.4299,29.21,29.29,2570084,
03/22/2012,29.44,29.55,29.25,29.305,3452671,
03/21/2012,29.44,29.59,29.4,29.57,3120353,
03/20/2012,29.19,29.42,29.17,29.38,4680123,
03/19/2012,29.44,29.45,29.21,29.22,5806061,
03/16/2012,29.55,29.57,29.34,29.34,4852405,
03/15/2012,29.5,29.56,29.345,29.45,5321711,
03/14/2012,29.75,29.8,29.15,29.41,11902930,
03/13/2012,29.87,29.94,29.66,29.86,6443260,
03/12/2012,29.62,29.91,29.568,29.81,7473214,
03/09/2012,29.41,29.63,29.34,29.5,9320704,
03/08/2012,29.43,29.55,29.35,29.35,63131420,
03/07/2012,30,30.43,29.93,30.27,6044203,
03/06/2012,30.09,30.23,29.74,29.85,7481849,
03/05/2012,30.12,30.37,29.79,30.28,12521440,
03/02/2012,30.92,31.17,30.87,31.17,9942182,
03/01/2012,30.83,30.89,30.65,30.87,5643839,
02/29/2012,30.8,30.87,30.62,30.71,6539190,
02/28/2012,30.71,30.795,30.61,30.79,4684135,
02/27/2012,30.68,30.7,30.56,30.61,5181505,
02/24/2012,30.8,30.8,30.65,30.66,4260083,
02/23/2012,30.66,30.7,30.58,30.69,4131034,
02/22/2012,30.7,30.82,30.49,30.57,4125495,
02/21/2012,30.55,30.7298,30.41,30.7,5542687,
02/17/2012,30.27,30.5,30.23,30.37,4787143,
02/16/2012,30.73,30.91,30.02,30.06,9214336,
02/15/2012,30.65,30.88,30.62,30.71,9294322,
02/14/2012,30.5,30.75,30.42,30.59,6802021,
02/13/2012,30.3,30.5,30.25,30.42,5533732,
02/10/2012,29.86,30.22,29.78,30.195,5947773,
02/09/2012,29.775,29.925,29.67,29.87,5590405,
02/08/2012,29.71,29.77,29.6,29.69,5677365,
02/07/2012,29.15,29.96,29.05,29.74,11580180,
02/06/2012,29.76,29.8,29.43,29.48,4548381,
02/03/2012,29.4,29.7,29.38,29.7,4975507,
02/02/2012,29.48,29.48,29.35,29.38,2912872,
02/01/2012,29.39,29.4601,29.29,29.38,3521077,
01/31/2012,29.2,29.36,29.08,29.33,4143236,
01/30/2012,29.08,29.2,28.96,29.08,4340469,
01/27/2012,29.33,29.38,28.985,29.09,4866568,
01/26/2012,29.43,29.45,29.1,29.19,5325951,
01/25/2012,29.22,29.37,28.91,29.33,4462065,
01/24/2012,29.02,29.24,29,29.19,3019614,
01/23/2012,29.04,29.17,28.9,29.06,3472667,
01/20/2012,28.72,29,28.7088,29,4707804,
01/19/2012,28.55,28.74,28.45,28.66,3386419,
01/18/2012,28.45,28.54,28.4,28.44,3540546,
01/17/2012,28.4,28.48,28.31,28.34,3511234,
01/13/2012,28.26,28.35,28.21,28.35,3735613,
01/12/2012,28.22,28.33,28.16,28.23,4273665,
01/11/2012,28.25,28.25,28.08,28.16,3961998,
01/10/2012,28.27,28.35,28.12,28.18,4143464,
01/09/2012,28.43,28.43,28.21,28.23,3199398,
01/06/2012,28.33,28.429,28.22,28.37,3021712,
01/05/2012,28.31,28.38,28.11,28.21,5442956,
01/04/2012,28.15,28.39,28.15,28.33,2884855,
01/03/2012,28.25,28.3,28.12,28.165,3136330,
12/30/2011,28.29,28.3,28.07,28.08,2362010,
12/29/2011,28.3,28.38,28.22,28.28,1887721,
12/28/2011,28.39,28.4,28.18,28.205,2366667,
12/27/2011,28.02,28.4,28,28.37,3748515,
12/23/2011,28.25,28.3,27.99,28.01,4054210,
12/22/2011,28.41,28.44,28.11,28.255,4663574,
12/21/2011,28.01,28.435,27.96,28.36,4978324,
12/20/2011,27.65,28.2,27.61,28.045,8500233,
12/19/2011,29.16,29.21,28.81,28.96,10601370,
12/16/2011,28.95,29.13,28.88,29.08,11042080,
12/15/2011,29.05,29.08,28.84,28.86,6251272,
12/14/2011,29.06,29.06,28.9,28.96,4899344,
12/13/2011,29,29.12,28.91,28.98,6673930,
12/12/2011,28.88,28.98,28.7,28.74,4670555,
12/09/2011,28.84,28.91,28.71,28.9,2953901,
12/08/2011,28.9,28.95,28.69,28.69,4128916,
12/07/2011,28.89,28.95,28.75,28.88,2672529,
12/06/2011,28.71,28.95,28.6,28.83,3315717,
12/05/2011,28.7,28.73,28.54,28.71,4699619,
12/02/2011,28.53,28.71,28.37,28.38,4521989,
12/01/2011,28.63,28.68,28.43,28.53,3478797,
11/30/2011,28.48,28.693,28.29,28.69,4381783,
11/29/2011,28.17,28.3,28.01,28.18,3687679,
11/28/2011,28.1,28.17,27.91,28.16,3635355,
11/25/2011,27.77,27.93,27.73,27.76,2013166,
11/23/2011,28.04,28.08,27.78,27.78,3669063,
11/22/2011,27.88,28.25,27.86,28.14,3712044,
11/21/2011,27.88,27.99,27.75,27.88,3371388,
11/18/2011,28.1,28.18,27.98,28.06,3081303,
11/17/2011,28.21,28.25,27.85,27.95,3635492,
11/16/2011,28,28.365,27.97,28.12,3255224,
11/15/2011,27.87,28.105,27.81,28.06,3208232,
11/14/2011,28.05,28.0998,27.915,27.99,2926004,
11/11/2011,28,28.19,27.8,28.11,2570762,
11/10/2011,28.03,28.08,27.62,27.91,4689296,
11/09/2011,28.25,28.44,27.8,27.85,5694904,
11/08/2011,28.3,28.5,28.21,28.48,4803761,
11/07/2011,27.89,28.13,27.85,28.13,3604835,
11/04/2011,27.73,27.9,27.6,27.89,3540734,
11/03/2011,27.7,27.84,27.47,27.7,4452599,
11/02/2011,27.65,27.65,27.44,27.63,8910349,
11/01/2011,27.25,27.69,27.07,27.31,8108446,
10/31/2011,27.65,27.7801,27.51,27.51,7236070,
10/28/2011,27.58,27.85,27.55,27.71,9516773,
10/27/2011,27.6,27.65,27.5,27.54,37397210,
10/26/2011,28.59,28.79,28.36,28.65,4700665,
10/25/2011,28.46,28.895,28.42,28.54,6252067,
10/24/2011,27.53,28.58,27.45,28.56,8258781,
10/21/2011,27.83,27.88,27.33,27.7,3129160,
10/20/2011,27.79,27.79,27.42,27.68,2547651,
10/19/2011,27.8,27.9,27.63,27.69,3468327,
10/18/2011,27.45,27.8,27.36,27.79,4205855,
10/17/2011,27.37,27.6,27.03,27.44,4605484,
10/14/2011,27.45,27.65,27.37,27.65,2567768,
10/13/2011,27,27.41,27,27.33,3979102,
10/12/2011,27.34,27.39,26.86,27.03,3761228,
10/11/2011,27.1,27.22,26.9801,27.06,2327717,
10/10/2011,27.14,27.26,26.87,27.15,3255627,
10/07/2011,27.2,27.2,26.66,26.69,5129555,
10/06/2011,26.3,27.19,26.28,27.04,4496479,
10/05/2011,26.3,26.59,25.88,26.31,5260475,
10/04/2011,25.2,26.38,22.84,26.34,17697070,
10/03/2011,26.99,27.29,25.71,25.89,8337521,
09/30/2011,27.28,27.4,27.04,27.1,3704466,
09/29/2011,27.6,27.65,27,27.34,3817237,
09/28/2011,27.58,27.6,27.34,27.37,4195405,
09/27/2011,27.75,27.8,27.31,27.41,5498114,
09/26/2011,27.69,27.74,27.1,27.57,4878684,
09/23/2011,27.49,27.9,27.22,27.54,5308455,
09/22/2011,27.055,28.02,26.88,27.39,9296618,
09/21/2011,27.62,27.9118,27.11,27.12,11038580,
09/20/2011,29.65,29.67,29.02,29.06,10487350,
09/19/2011,29.5,29.61,29.4,29.49,7361027,
09/16/2011,29.87,29.9,29.51,29.54,6978713,
09/15/2011,29.7,29.85,29.59,29.85,5774363,
09/14/2011,29.48,29.65,29.2,29.61,6822070,
09/13/2011,29.07,29.13,28.9,29.11,4476246,
09/12/2011,28.15,28.99,28.01,28.98,7371938,
09/09/2011,27.8,28.49,27.7,28.39,7417480,
09/08/2011,27.9,28.15,27.7,27.8,4099614,
09/07/2011,28.1,28.15,27.53,27.88,4995697,
09/06/2011,26.96,27.69,26.8,27.65,5881215,
09/02/2011,27,27.88,26.7,27.27,8692457,
09/01/2011,28.48,28.49,27.51,27.68,12727440,
08/31/2011,29.02,29.08,28.405,28.51,9101833,
08/30/2011,28.6,28.97,28.39,28.74,5512541,
08/29/2011,28.45,28.61,28.34,28.6,4284998,
08/26/2011,27.84,28.16,27.65,28.06,6641629,
08/25/2011,28.56,28.57,27.44,27.76,10425360,
08/24/2011,28.86,28.9,28.3,28.62,7491245,
08/23/2011,28.73,29.05,28.55,28.94,5114804,
08/22/2011,29.06,29.28,28.49,28.64,5014155,
08/19/2011,29,29.05,28.51,28.61,6920947,
08/18/2011,29.42,29.69,29.01,29.27,7021256,
08/17/2011,29.91,29.99,29.75,29.96,4485888,
08/16/2011,29.57,29.96,29.47,29.739,5291305,
08/15/2011,29.48,29.77,29.31,29.71,5841461,
08/12/2011,29.29,29.47,29,29.11,6737360,
08/11/2011,28.7,29.3,28.55,28.75,9633866,
08/10/2011,29.04,29.32,28.38,28.41,12972620,
08/09/2011,27.21,29.79,27.11,29.775,13980760,
08/08/2011,26.42,28.2,26.35,26.73,14071920,
08/05/2011,28.48,28.82,27.61,28.35,8541112,
08/04/2011,29.02,29.05,28.15,28.16,8242615,
08/03/2011,28.59,29.13,28.59,29.105,7555242,
08/02/2011,29.04,29.09,28.46,28.49,5374322,
08/01/2011,29.09,29.32,28.47,29.03,11081220,
07/29/2011,28,28.01,22.03,27.92,21165090,
07/28/2011,28.38,28.65,28.05,28.33,6884950,
07/27/2011,29.1,29.2,28.38,28.39,7909331,
07/26/2011,28.81,28.99,28.41,28.98,7597913,
07/25/2011,29.27,29.34,28.77,28.89,9662013,
07/22/2011,29.61,29.74,29.5766,29.68,2917261,
07/21/2011,29.69,29.7,29.27,29.55,4758586,
07/20/2011,29.56,29.715,29.5,29.69,2277551,
07/19/2011,29.2,29.49,29.07,29.38,3276345,
07/18/2011,29.08,29.22,28.76,29.01,5431515,
07/15/2011,29.18,29.29,28.98,29.27,3694500,
07/14/2011,29.6,29.64,29.06,29.12,5470739,
07/13/2011,29.71,29.82,29.55,29.6,3382191,
07/12/2011,29.79,29.92,29.67,29.7,5492259,
07/11/2011,30.09,30.16,29.86,29.9,3836731,
07/08/2011,29.77,30.3,29.75,30.195,3748252,
07/07/2011,30.32,30.34,29.66,30.06,6166648,
07/06/2011,29.95,30.27,29.88,30.27,6195933,
07/05/2011,29.66,29.98,29.56,29.96,5689570,
07/01/2011,29.16,29.74,29.11,29.6,5692648,
06/30/2011,29.1,29.29,29.03,29.11,4501152,
06/29/2011,28.78,29,28.76,29,5465956,
06/28/2011,28.82,28.89,28.67,28.78,4860471,
06/27/2011,28.9,29,28.68,28.81,5010744,
06/24/2011,28.75,28.84,28.64,28.73,19763610,
06/23/2011,28.27,28.86,28.25,28.64,40604160,
06/22/2011,28.65,29.16,28.63,28.85,8196442,
06/21/2011,28.63,28.83,28.31,28.5,10359300,
06/20/2011,30.25,30.3,29.76,29.8,9008103,
06/17/2011,30.35,30.41,30.15,30.15,5836666,
06/16/2011,30.45,30.47,30.29,30.29,4418333,
06/15/2011,30.46,30.48,30.35,30.37,3611606,
06/14/2011,30.4,30.5,30.31,30.39,3264586,
06/13/2011,30.36,30.42,30.15,30.24,4169933,
06/10/2011,30.58,30.6,30.05,30.1,5753549,
06/09/2011,30.7,30.76,30.27,30.41,6138912,
06/08/2011,30.56,30.74,30.54,30.7,5352428,
06/07/2011,30.39,30.65,30.35,30.55,3814534,
06/06/2011,30.39,30.46,30.26,30.31,2165661,
06/03/2011,30.3,30.45,30.28,30.34,2218576,
06/02/2011,30.25,30.4,30.25,30.36,2485213,
06/01/2011,30.36,30.38,30.23,30.23,2204073,
05/31/2011,30.35,30.37,30.2,30.37,2306328,
05/27/2011,30.2,30.3,30.2,30.28,1443029,
05/26/2011,30.13,30.22,30.02,30.2,1544888,
05/25/2011,30.14,30.15,29.9,30.09,2431762,
05/24/2011,30.1,30.15,30.01,30.12,1676049,
05/23/2011,29.9,30.12,29.83,30,2373015,
05/20/2011,29.95,30.07,29.86,29.97,2386944,
05/19/2011,29.8,29.95,29.75,29.93,1758106,
05/18/2011,29.57,29.75,29.56,29.75,1452849,
05/17/2011,29.53,29.62,29.4,29.52,1655277,
05/16/2011,29.61,29.72,29.5,29.5,1970567,
05/13/2011,29.85,29.85,29.615,29.62,1593117,
05/12/2011,29.7,29.807,29.56,29.79,1834261,
05/11/2011,29.83,29.84,29.61,29.68,1873649,
05/10/2011,29.65,29.84,29.6,29.83,2249391,
05/09/2011,29.55,29.59,29.37,29.58,1739221,
05/06/2011,29.58,29.65,29.42,29.46,2018397,
05/05/2011,29.17,29.57,29.17,29.46,2794858,
05/04/2011,29.19,29.32,29.13,29.24,2281785,
05/03/2011,29.2,29.22,29.07,29.19,2105568,
05/02/2011,29.15,29.28,29.13,29.2,2262622,
04/29/2011,28.97,29.12,28.94,29.11,2298494,
04/28/2011,28.83,29.01,28.8,28.94,2193625,
04/27/2011,29.04,29.05,28.71,28.78,2621284,
04/26/2011,29,29.11,28.8,28.83,3444194,
04/25/2011,28.82,28.83,28.51,28.83,2653736,
04/21/2011,28.71,28.79,28.6,28.78,1693066,
04/20/2011,28.52,28.6,28.4101,28.6,1632732,
04/19/2011,28.37,28.45,28.17,28.35,1734802,
04/18/2011,28.47,28.54,28.12,28.47,2373719,
04/15/2011,28.69,28.74,28.5,28.53,1913997,
04/14/2011,28.18,28.73,28.05,28.7,2944184,
04/13/2011,27.9,28.16,27.88,28.05,2522677,
04/12/2011,28.15,28.27,27.7,27.83,3886120,
04/11/2011,28.34,28.48,28.03,28.18,3061556,
04/08/2011,28.55,28.6,28,28.31,4859059,
04/07/2011,28.7,28.77,28.5,28.5,2281814,
04/06/2011,28.84,28.84,28.5,28.63,2788316,
04/05/2011,28.73,28.86,28.65,28.79,2798490,
04/04/2011,29,29,28.7,28.73,2932515,
04/01/2011,29.06,29.1,28.79,29.02,3811445,
03/31/2011,28.65,29.14,28.65,29.14,7030497,
03/30/2011,28.86,28.95,28.65,28.7,2835521,
03/29/2011,29.15,29.23,28.68,28.8,4134758,
03/28/2011,29.14,29.38,29.05,29.06,4668799,
03/25/2011,28.85,29.13,28.78,29.02,4450081,
03/24/2011,28.86,28.88,28.6,28.73,3497252,
03/23/2011,28.33,28.755,28.26,28.71,6865001,
03/22/2011,28.08,28.49,28.02,28.29,39381760,
03/21/2011,29.5,29.58,29.08,29.1,7684001,
03/18/2011,30.46,30.68,30.27,30.67,7694245,
03/17/2011,30.43,30.46,30.25,30.35,3790605,
03/16/2011,30.25,30.41,30.17,30.26,3791693,
03/15/2011,30,30.22,29.93,30.09,4191237,
03/14/2011,30.05,30.28,30.02,30.2,3281206,
03/11/2011,30.04,30.13,29.9,30.02,3250913,
03/10/2011,30.11,30.15,29.98,30.0575,2834632,
03/09/2011,29.94,30.09,29.86,30.05,2516112,
03/08/2011,29.8,30.02,29.7,29.79,4515845,
03/07/2011,29.75,29.75,29.6,29.62,2546386,
03/04/2011,29.66,29.75,29.6,29.64,1589819,
03/03/2011,29.7,29.74,29.57,29.62,2155369,
03/02/2011,29.53,29.59,29.4,29.57,2295517,
03/01/2011,29.55,29.58,29.35,29.44,2390410,
02/28/2011,29.5,29.51,29.35,29.45,2345967,
02/25/2011,29.45,29.51,29.32,29.4,1731509,
02/24/2011,29.16,29.3,29.09,29.27,2316521,
02/23/2011,29.24,29.28,28.95,29.08,2081488,
02/22/2011,29.26,29.3,29.05,29.1,2109636,
02/18/2011,29.49,29.49,29.2,29.27,1671356,
02/17/2011,29.25,29.41,29.21,29.36,1428656,
02/16/2011,29.26,29.3,29.1,29.16,2017684,
02/15/2011,29.55,29.57,28.95,28.95,4691857,
02/14/2011,29.55,29.69,29.5028,29.6,2645462,
02/11/2011,29.35,29.575,29.32,29.55,2184275,
02/10/2011,29.3,29.35,29.08,29.2,1573604,
02/09/2011,29.48,29.52,29.26,29.35,3185216,
02/08/2011,29.14,29.29,28.95,29.26,2567374,
02/07/2011,28.92,29.16,28.9,29.07,1664465,
02/04/2011,29,29,28.7,28.87,1999480,
02/03/2011,28.97,28.99,28.81,28.9,1288380,
02/02/2011,28.95,29.08,28.89,28.98,1294273,
02/01/2011,28.71,28.95,28.62,28.88,2809389,
01/31/2011,28.7,28.76,28.5,28.69,9065626,
01/28/2011,28.91,28.95,28.62,28.69,3364624,
01/27/2011,28.84,28.85,28.67,28.79,2092972,
01/26/2011,28.67,28.77,28.57,28.66,2173230,
01/25/2011,28.57,28.69,28.53,28.54,1878304,
01/24/2011,28.67,28.67,28.38,28.55,2468963,
01/21/2011,28.65,28.76,28.45,28.45,2482453,
01/20/2011,28.7,28.74,28.45,28.63,3213130,
01/19/2011,28.96,28.98,28.5364,28.72,3366845,
01/18/2011,29,29.18,28.81,28.93,3555702,
01/14/2011,28.4,29.2,28.36,29,29118830,
01/13/2011,29.3,29.35,28.5401,28.64,7805401,
01/12/2011,29.64,29.75,29.57,29.68,1911022,
01/11/2011,29.61,29.63,29.5,29.55,1285544,
01/10/2011,29.5,29.62,29.36,29.59,1952442,
01/07/2011,29.29,29.4899,29.22,29.47,1695837,
01/06/2011,28.9,29.28,28.88,29.23,1836898,
01/05/2011,28.4,28.71,28.31,28.69,1511133,
01/04/2011,28.7,28.7,28.37,28.4,2055919,
01/03/2011,28.75,28.8,28.4601,28.69,2389351,
12/31/2010,28.93,28.99,28.74,28.74,876808,
12/30/2010,28.75,28.99,28.72,28.88,1325687,
12/29/2010,28.29,28.92,28.2,28.75,3817374,
12/28/2010,29.9,29.9,29.5,29.57,4278230,
12/27/2010,29.93,29.93,29.78,29.87,2667599,
12/23/2010,29.9,29.9,29.72,29.86,1994445,
12/22/2010,29.99,29.99,29.7,29.79,2396031,
12/21/2010,29.91,29.98,29.86,29.95,1914260,
12/20/2010,29.75,29.85,29.7,29.84,2677149,
12/17/2010,29.16,29.43,29.0101,29.32,1885586,
12/16/2010,29.25,29.27,28.58,29.11,1779751,
12/15/2010,29.57,29.57,29.18,29.24,1341897,
12/14/2010,29.75,29.75,29.33,29.49,1820711,
12/13/2010,29.48,29.79,29.36,29.69,2217499,
12/10/2010,28.69,29.39,28.5999,29.31,2547135,
12/09/2010,27.8,28.85,27.7,28.64,11538600,
12/08/2010,29.8,29.8,29.4,29.51,1456877,
12/07/2010,29.6,29.85,29.55,29.71,1410590,
12/06/2010,29.51,29.63,29.48,29.5,1337014,
12/03/2010,29.42,29.54,29.37,29.47,1260390,
12/02/2010,29.42,29.52,29.4,29.43,1413326,
12/01/2010,29.49,29.51,29.36,29.43,1038760,
11/30/2010,29.43,29.45,29.3,29.31,1205231,
11/29/2010,29.43,29.43,29.26,29.42,1359397,
11/26/2010,29.29,29.49,29.29,29.3,574709,
11/24/2010,29.17,29.36,29.14,29.29,1367817,
11/23/2010,28.88,28.97,28.8,28.93,910400,
11/22/2010,28.74,28.9,28.7,28.87,1932091,
11/19/2010,28.45,28.615,28.446,28.61,1671143,
11/18/2010,28.63,28.65,28.413,28.46,1351979,
11/17/2010,28.58,28.64,28.4,28.47,1162140,
11/16/2010,28.75,28.76,28.22,28.44,1487698,
11/15/2010,28.56,28.99,28.51,28.73,1581300,
11/12/2010,28.52,28.6501,28.36,28.37,3829632,
11/11/2010,29.17,29.38,29.0719,29.36,754560,
11/10/2010,29.16,29.26,29.0101,29.25,1090686,
11/09/2010,29.37,29.37,29.02,29.18,1352286,
11/08/2010,29.43,29.49,29.338,29.37,996935,
11/05/2010,29.4,29.48,29.32,29.43,933994,
11/04/2010,29,29.45,28.98,29.31,1418658,
11/03/2010,28.76,28.95,28.73,28.9,996217,
11/02/2010,28.5,28.81,28.44,28.76,1156124,
11/01/2010,28.67,28.75,28.2,28.4,1401000,
10/29/2010,28.7,28.74,28.36,28.64,3690302,
10/28/2010,28.45,28.86,28.4,28.71,2054329,
10/27/2010,28.16,28.35,28,28.32,1936272,
10/26/2010,27.75,27.85,27.731,27.83,1195376,
10/25/2010,28,28,27.72,27.83,1063272,
10/22/2010,28,28,27.82,27.9,772925,
10/21/2010,28.03,28.03,27.84,27.96,905796,
10/20/2010,27.98,28.07,27.8178,27.95,1210125,
10/19/2010,27.85,27.97,27.71,27.88,1132052,
10/18/2010,27.65,27.86,27.65,27.85,874030,
10/15/2010,27.78,27.8,27.53,27.61,763292,
10/14/2010,27.75,27.75,27.5,27.65,1259424,
10/13/2010,27.98,28.04,27.75,27.78,1270094,
10/12/2010,27.73,27.99,27.62,27.97,1372189,
10/11/2010,27.5,27.8,27.45,27.71,1140615,
10/08/2010,27.22,27.5,27.18,27.46,1001410,
10/07/2010,27.48,27.49,27.22,27.25,842426,
10/06/2010,27.05,27.34,27,27.31,1115927,
10/05/2010,27.06,27.15,26.9099,27.01,1314705,
10/04/2010,27.05,27.06,26.71,26.95,1190336,
10/01/2010,26.67,27.01,26.6,26.98,1459291,
09/30/2010,26.95,26.99,26.47,26.57,2011839,
09/29/2010,26.93,27.22,26.8,26.85,3156317,
09/28/2010,26.09,26.9,26.05,26.89,15966660,
09/27/2010,28.15,28.16,27.8,27.99,1233308,
09/24/2010,27.9,28.43,27.55,28.19,2009005,
09/23/2010,29.5,29.68,29.23,29.27,2506454,
09/22/2010,29.83,29.83,29.35,29.38,1721412,
09/21/2010,30.08,30.09,29.45,29.56,2015421,
09/20/2010,29.75,30.07,29.75,30,2022470,
09/17/2010,29.4,29.71,29.29,29.62,1394502,
09/16/2010,28.95,29.18,28.86,29.15,1437105,
09/15/2010,28.69,28.93,28.69,28.8,1524304,
09/14/2010,28.27,28.45,28.17,28.35,1243462,
09/13/2010,28.37,28.43,28.18,28.23,1004074,
09/10/2010,28.19,28.42,28.01,28.17,912185,
09/09/2010,28.5,28.51,27.95,28.05,1194136,
09/08/2010,28.59,28.59,28.33,28.39,831901,
09/07/2010,28.41,28.52,28.37,28.45,654586,
09/03/2010,28.33,28.42,28.124,28.37,949981,
09/02/2010,27.82,28.32,27.64,28.28,987772,
09/01/2010,27.44,27.9,27.33,27.82,820237,
08/31/2010,27.08,27.39,27.05,27.24,703923,
